"Estimated migrant arrivals by citizenship, visa type and CLPR, 12/16-month rule (Monthly)","","","","","","","","","","","","","","","","","","","","","","","","","","","","","","","","","","","","","","","","","","","","","","","","","","","","","","","","","","","","","","","","","","","","","","","","","","","","","","","","","","","","","","","","","","","","","","","",""
"","Arrivals","","","","","","","","","","","","","","","","","","","","","","","","","","","","","","","","","","","","","","","","","","","","","","","","","","","","","","","","","","","","","","","","","","","","","","","","","","","","","","","","","","","","","","","","","","","","","","",""
" ","Non-New Zealand","","","","","","","","","","","","","","","","","","","","","","","","","","","","","","","","","","","","","","","","","","","","","","","","","","","","","","","","","","","","","","","","","","","","","","","","","","","","","","","","","","","","","","","","","","","","","","",""
" ","Residence","","","","","","","","","","","","","","","","","","","","","","","","","","","","","","","","","","","","","","","","","","","","","","","","Work","","","","","","","","","","","","","","","","","","","","","","","","","","","","","","","","","","","","","","","","","","","","","","",""
" ","United Arab Emirates","","Australia","","Canada","","China, People's Republic of","","Germany","","Fiji","","France","","United Kingdom","","Hong Kong (Special Administrative Region)","","Ireland","","India","","Japan","","Korea, Republic of","","Sri Lanka","","Malaysia","","Philippines","","Singapore","","Thailand","","United States of America","","Viet Nam","","Samoa","","South Africa","","Not Stated","","Total All Countries of Last Permanent Residence","","United Arab Emirates","","Australia","","Canada","","China, People's Republic of","","Germany","","Fiji","","France","","United Kingdom","","Hong Kong (Special Administrative Region)","","Ireland","","India","","Japan","","Korea, Republic of","","Sri Lanka","","Malaysia","","Philippines","","Singapore","","Thailand","","United States of America","","Viet Nam","","Samoa","","South Africa","","Not Stated","","Total All Countries of Last Permanent Residence",""
" ","Estimate","Standard error of estimate","Estimate","Standard error of estimate","Estimate","Standard error of estimate","Estimate","Standard error of estimate","Estimate","Standard error of estimate","Estimate","Standard error of estimate","Estimate","Standard error of estimate","Estimate","Standard error of estimate","Estimate","Standard error of estimate","Estimate","Standard error of estimate","Estimate","Standard error of estimate","Estimate","Standard error of estimate","Estimate","Standard error of estimate","Estimate","Standard error of estimate","Estimate","Standard error of estimate","Estimate","Standard error of estimate","Estimate","Standard error of estimate","Estimate","Standard error of estimate","Estimate","Standard error of estimate","Estimate","Standard error of estimate","Estimate","Standard error of estimate","Estimate","Standard error of estimate","Estimate","Standard error of estimate","Estimate","Standard error of estimate","Estimate","Standard error of estimate","Estimate","Standard error of estimate","Estimate","Standard error of estimate","Estimate","Standard error of estimate","Estimate","Standard error of estimate","Estimate","Standard error of estimate","Estimate","Standard error of estimate","Estimate","Standard error of estimate","Estimate","Standard error of estimate","Estimate","Standard error of estimate","Estimate","Standard error of estimate","Estimate","Standard error of estimate","Estimate","Standard error of estimate","Estimate","Standard error of estimate","Estimate","Standard error of estimate","Estimate","Standard error of estimate","Estimate","Standard error of estimate","Estimate","Standard error of estimate","Estimate","Standard error of estimate","Estimate","Standard error of estimate","Estimate","Standard error of estimate","Estimate","Standard error of estimate","Estimate","Standard error of estimate","Estimate","Standard error of estimate"
"2001M01",0,0,0,0,0,0,0,0,0,0,0,0,0,0,0,0,0,0,0,0,0,0,0,0,0,0,0,0,0,0,0,0,0,0,0,0,0,0,0,0,0,0,0,0,0,0,0,0,0,0,0,0,0,0,0,0,0,0,0,0,0,0,0,0,0,0,0,0,0,0,0,0,0,0,0,0,0,0,0,0,0,0,0,0,0,0,0,0,0,0,0,0,0,0,0,0
"2001M02",0,0,0,0,0,0,0,0,0,0,0,0,0,0,0,0,0,0,0,0,0,0,0,0,0,0,0,0,0,0,0,0,0,0,0,0,0,0,0,0,0,0,0,0,0,0,0,0,0,0,0,0,0,0,0,0,0,0,0,0,0,0,0,0,0,0,0,0,0,0,0,0,0,0,0,0,0,0,0,0,0,0,0,0,0,0,0,0,0,0,0,0,0,0,0,0
"2001M03",0,0,0,0,0,0,0,0,0,0,0,0,0,0,0,0,0,0,0,0,0,0,0,0,0,0,0,0,0,0,0,0,0,0,0,0,0,0,0,0,0,0,0,0,0,0,0,0,0,0,0,0,0,0,0,0,0,0,0,0,0,0,0,0,0,0,0,0,0,0,0,0,0,0,0,0,0,0,0,0,0,0,0,0,0,0,0,0,0,0,0,0,0,0,0,0
"2001M04",0,0,0,0,0,0,0,0,0,0,0,0,0,0,0,0,0,0,0,0,0,0,0,0,0,0,0,0,0,0,0,0,0,0,0,0,0,0,0,0,0,0,0,0,0,0,0,0,0,0,0,0,0,0,0,0,0,0,0,0,0,0,0,0,0,0,0,0,0,0,0,0,0,0,0,0,0,0,0,0,0,0,0,0,0,0,0,0,0,0,0,0,0,0,0,0
"2001M05",0,0,0,0,0,0,0,0,0,0,0,0,0,0,0,0,0,0,0,0,0,0,0,0,0,0,0,0,0,0,0,0,0,0,0,0,0,0,0,0,0,0,0,0,0,0,0,0,0,0,0,0,0,0,0,0,0,0,0,0,0,0,0,0,0,0,0,0,0,0,0,0,0,0,0,0,0,0,0,0,0,0,0,0,0,0,0,0,0,0,0,0,0,0,0,0
"2001M06",0,0,0,0,0,0,0,0,0,0,0,0,0,0,0,0,0,0,0,0,0,0,0,0,0,0,0,0,0,0,0,0,0,0,0,0,0,0,0,0,0,0,0,0,0,0,0,0,0,0,0,0,0,0,0,0,0,0,0,0,0,0,0,0,0,0,0,0,0,0,0,0,0,0,0,0,0,0,0,0,0,0,0,0,0,0,0,0,0,0,0,0,0,0,0,0
"2001M07",0,0,0,0,0,0,0,0,0,0,0,0,0,0,0,0,0,0,0,0,0,0,0,0,0,0,0,0,0,0,0,0,0,0,0,0,0,0,0,0,0,0,0,0,0,0,0,0,0,0,0,0,0,0,0,0,0,0,0,0,0,0,0,0,0,0,0,0,0,0,0,0,0,0,0,0,0,0,0,0,0,0,0,0,0,0,0,0,0,0,0,0,0,0,0,0
"2001M08",0,0,0,0,0,0,0,0,0,0,0,0,0,0,0,0,0,0,0,0,0,0,0,0,0,0,0,0,0,0,0,0,0,0,0,0,0,0,0,0,0,0,0,0,0,0,0,0,0,0,0,0,0,0,0,0,0,0,0,0,0,0,0,0,0,0,0,0,0,0,0,0,0,0,0,0,0,0,0,0,0,0,0,0,0,0,0,0,0,0,0,0,0,0,0,0
"2001M09",0,0,0,0,0,0,0,0,0,0,0,0,0,0,0,0,0,0,0,0,0,0,0,0,0,0,0,0,0,0,0,0,0,0,0,0,0,0,0,0,0,0,0,0,0,0,0,0,0,0,0,0,0,0,0,0,0,0,0,0,0,0,0,0,0,0,0,0,0,0,0,0,0,0,0,0,0,0,0,0,0,0,0,0,0,0,0,0,0,0,0,0,0,0,0,0
"2001M10",0,0,0,0,0,0,0,0,0,0,0,0,0,0,0,0,0,0,0,0,0,0,0,0,0,0,0,0,0,0,0,0,0,0,0,0,0,0,0,0,0,0,0,0,0,0,0,0,0,0,0,0,0,0,0,0,0,0,0,0,0,0,0,0,0,0,0,0,0,0,0,0,0,0,0,0,0,0,0,0,0,0,0,0,0,0,0,0,0,0,0,0,0,0,0,0
"2001M11",0,0,0,0,0,0,0,0,0,0,0,0,0,0,0,0,0,0,0,0,0,0,0,0,0,0,0,0,0,0,0,0,0,0,0,0,0,0,0,0,0,0,0,0,0,0,0,0,0,0,0,0,0,0,0,0,0,0,0,0,0,0,0,0,0,0,0,0,0,0,0,0,0,0,0,0,0,0,0,0,0,0,0,0,0,0,0,0,0,0,0,0,0,0,0,0
"2001M12",0,0,0,0,0,0,0,0,0,0,0,0,0,0,0,0,0,0,0,0,0,0,0,0,0,0,0,0,0,0,0,0,0,0,0,0,0,0,0,0,0,0,0,0,0,0,0,0,0,0,0,0,0,0,0,0,0,0,0,0,0,0,0,0,0,0,0,0,0,0,0,0,0,0,0,0,0,0,0,0,0,0,0,0,0,0,0,0,0,0,0,0,0,0,0,0
"2002M01",0,0,0,0,0,0,0,0,0,0,0,0,0,0,0,0,0,0,0,0,0,0,0,0,0,0,0,0,0,0,0,0,0,0,0,0,0,0,0,0,0,0,0,0,0,0,0,0,0,0,0,0,0,0,0,0,0,0,0,0,0,0,0,0,0,0,0,0,0,0,0,0,0,0,0,0,0,0,0,0,0,0,0,0,0,0,0,0,0,0,0,0,0,0,0,0
"2002M02",0,0,0,0,0,0,0,0,0,0,0,0,0,0,0,0,0,0,0,0,0,0,0,0,0,0,0,0,0,0,0,0,0,0,0,0,0,0,0,0,0,0,0,0,0,0,0,0,0,0,0,0,0,0,0,0,0,0,0,0,0,0,0,0,0,0,0,0,0,0,0,0,0,0,0,0,0,0,0,0,0,0,0,0,0,0,0,0,0,0,0,0,0,0,0,0
"2002M03",0,0,0,0,0,0,0,0,0,0,0,0,0,0,0,0,0,0,0,0,0,0,0,0,0,0,0,0,0,0,0,0,0,0,0,0,0,0,0,0,0,0,0,0,0,0,0,0,0,0,0,0,0,0,0,0,0,0,0,0,0,0,0,0,0,0,0,0,0,0,0,0,0,0,0,0,0,0,0,0,0,0,0,0,0,0,0,0,0,0,0,0,0,0,0,0
"2002M04",0,0,0,0,0,0,0,0,0,0,0,0,0,0,0,0,0,0,0,0,0,0,0,0,0,0,0,0,0,0,0,0,0,0,0,0,0,0,0,0,0,0,0,0,0,0,0,0,0,0,0,0,0,0,0,0,0,0,0,0,0,0,0,0,0,0,0,0,0,0,0,0,0,0,0,0,0,0,0,0,0,0,0,0,0,0,0,0,0,0,0,0,0,0,0,0
"2002M05",0,0,0,0,0,0,0,0,0,0,0,0,0,0,0,0,0,0,0,0,0,0,0,0,0,0,0,0,0,0,0,0,0,0,0,0,0,0,0,0,0,0,0,0,0,0,0,0,0,0,0,0,0,0,0,0,0,0,0,0,0,0,0,0,0,0,0,0,0,0,0,0,0,0,0,0,0,0,0,0,0,0,0,0,0,0,0,0,0,0,0,0,0,0,0,0
"2002M06",0,0,0,0,0,0,0,0,0,0,0,0,0,0,0,0,0,0,0,0,0,0,0,0,0,0,0,0,0,0,0,0,0,0,0,0,0,0,0,0,0,0,0,0,0,0,0,0,0,0,0,0,0,0,0,0,0,0,0,0,0,0,0,0,0,0,0,0,0,0,0,0,0,0,0,0,0,0,0,0,0,0,0,0,0,0,0,0,0,0,0,0,0,0,0,0
"2002M07",0,0,0,0,0,0,0,0,0,0,0,0,0,0,0,0,0,0,0,0,0,0,0,0,0,0,0,0,0,0,0,0,0,0,0,0,0,0,0,0,0,0,0,0,0,0,0,0,0,0,0,0,0,0,0,0,0,0,0,0,0,0,0,0,0,0,0,0,0,0,0,0,0,0,0,0,0,0,0,0,0,0,0,0,0,0,0,0,0,0,0,0,0,0,0,0
"2002M08",0,0,0,0,0,0,0,0,0,0,0,0,0,0,0,0,0,0,0,0,0,0,0,0,0,0,0,0,0,0,0,0,0,0,0,0,0,0,0,0,0,0,0,0,0,0,0,0,0,0,0,0,0,0,0,0,0,0,0,0,0,0,0,0,0,0,0,0,0,0,0,0,0,0,0,0,0,0,0,0,0,0,0,0,0,0,0,0,0,0,0,0,0,0,0,0
"2002M09",0,0,0,0,0,0,0,0,0,0,0,0,0,0,0,0,0,0,0,0,0,0,0,0,0,0,0,0,0,0,0,0,0,0,0,0,0,0,0,0,0,0,0,0,0,0,0,0,0,0,0,0,0,0,0,0,0,0,0,0,0,0,0,0,0,0,0,0,0,0,0,0,0,0,0,0,0,0,0,0,0,0,0,0,0,0,0,0,0,0,0,0,0,0,0,0
"2002M10",0,0,0,0,0,0,0,0,0,0,0,0,0,0,0,0,0,0,0,0,0,0,0,0,0,0,0,0,0,0,0,0,0,0,0,0,0,0,0,0,0,0,0,0,0,0,0,0,0,0,0,0,0,0,0,0,0,0,0,0,0,0,0,0,0,0,0,0,0,0,0,0,0,0,0,0,0,0,0,0,0,0,0,0,0,0,0,0,0,0,0,0,0,0,0,0
"2002M11",0,0,0,0,0,0,0,0,0,0,0,0,0,0,0,0,0,0,0,0,0,0,0,0,0,0,0,0,0,0,0,0,0,0,0,0,0,0,0,0,0,0,0,0,0,0,0,0,0,0,0,0,0,0,0,0,0,0,0,0,0,0,0,0,0,0,0,0,0,0,0,0,0,0,0,0,0,0,0,0,0,0,0,0,0,0,0,0,0,0,0,0,0,0,0,0
"2002M12",0,0,0,0,0,0,0,0,0,0,0,0,0,0,0,0,0,0,0,0,0,0,0,0,0,0,0,0,0,0,0,0,0,0,0,0,0,0,0,0,0,0,0,0,0,0,0,0,0,0,0,0,0,0,0,0,0,0,0,0,0,0,0,0,0,0,0,0,0,0,0,0,0,0,0,0,0,0,0,0,0,0,0,0,0,0,0,0,0,0,0,0,0,0,0,0
"2003M01",0,0,0,0,0,0,0,0,0,0,0,0,0,0,0,0,0,0,0,0,0,0,0,0,0,0,0,0,0,0,0,0,0,0,0,0,0,0,0,0,0,0,0,0,0,0,0,0,0,0,0,0,0,0,0,0,0,0,0,0,0,0,0,0,0,0,0,0,0,0,0,0,0,0,0,0,0,0,0,0,0,0,0,0,0,0,0,0,0,0,0,0,0,0,0,0
"2003M02",0,0,0,0,0,0,0,0,0,0,0,0,0,0,0,0,0,0,0,0,0,0,0,0,0,0,0,0,0,0,0,0,0,0,0,0,0,0,0,0,0,0,0,0,0,0,0,0,0,0,0,0,0,0,0,0,0,0,0,0,0,0,0,0,0,0,0,0,0,0,0,0,0,0,0,0,0,0,0,0,0,0,0,0,0,0,0,0,0,0,0,0,0,0,0,0
"2003M03",0,0,0,0,0,0,0,0,0,0,0,0,0,0,0,0,0,0,0,0,0,0,0,0,0,0,0,0,0,0,0,0,0,0,0,0,0,0,0,0,0,0,0,0,0,0,0,0,0,0,0,0,0,0,0,0,0,0,0,0,0,0,0,0,0,0,0,0,0,0,0,0,0,0,0,0,0,0,0,0,0,0,0,0,0,0,0,0,0,0,0,0,0,0,0,0
"2003M04",0,0,0,0,0,0,0,0,0,0,0,0,0,0,0,0,0,0,0,0,0,0,0,0,0,0,0,0,0,0,0,0,0,0,0,0,0,0,0,0,0,0,0,0,0,0,0,0,0,0,0,0,0,0,0,0,0,0,0,0,0,0,0,0,0,0,0,0,0,0,0,0,0,0,0,0,0,0,0,0,0,0,0,0,0,0,0,0,0,0,0,0,0,0,0,0
"2003M05",0,0,0,0,0,0,0,0,0,0,0,0,0,0,0,0,0,0,0,0,0,0,0,0,0,0,0,0,0,0,0,0,0,0,0,0,0,0,0,0,0,0,0,0,0,0,0,0,0,0,0,0,0,0,0,0,0,0,0,0,0,0,0,0,0,0,0,0,0,0,0,0,0,0,0,0,0,0,0,0,0,0,0,0,0,0,0,0,0,0,0,0,0,0,0,0
"2003M06",0,0,0,0,0,0,0,0,0,0,0,0,0,0,0,0,0,0,0,0,0,0,0,0,0,0,0,0,0,0,0,0,0,0,0,0,0,0,0,0,0,0,0,0,0,0,0,0,0,0,0,0,0,0,0,0,0,0,0,0,0,0,0,0,0,0,0,0,0,0,0,0,0,0,0,0,0,0,0,0,0,0,0,0,0,0,0,0,0,0,0,0,0,0,0,0
"2003M07",25,0,47,0,3,0,240,0,4,0,98,0,4,0,210,0,23,0,5,0,284,0,9,0,33,0,10,0,43,0,60,0,19,0,16,0,26,0,7,0,33,0,43,0,419,0,1894,0,0,0,15,0,22,0,59,0,18,0,15,0,6,0,251,0,3,0,16,0,36,0,53,0,16,0,1,0,6,0,1,0,4,0,4,0,55,0,1,0,0,0,21,0,43,0,747,0
"2003M08",12,0,21,0,7,0,182,0,1,0,124,0,4,0,336,0,17,0,1,0,303,0,4,0,28,0,25,0,33,0,32,0,17,0,3,0,47,0,1,0,42,0,64,0,303,0,1926,0,2,0,12,0,20,0,46,0,13,0,26,0,6,0,279,0,1,0,29,0,25,0,28,0,14,0,1,0,2,0,2,0,2,0,8,0,51,0,0,0,0,0,30,0,40,0,745,0
"2003M09",21,0,18,0,13,0,235,0,20,0,112,0,0,0,405,0,13,0,4,0,223,0,6,0,28,0,12,0,31,0,35,0,4,0,2,0,18,0,0,0,38,0,47,0,257,0,1741,0,0,0,12,0,16,0,26,0,14,0,19,0,10,0,355,0,1,0,26,0,15,0,64,0,22,0,1,0,3,0,2,0,1,0,6,0,53,0,3,0,0,0,25,0,61,0,842,0
"2003M10",13,0,34,0,4,0,215,0,11,0,69,0,4,0,406,0,11,0,3,0,210,0,7,0,14,0,9,0,48,0,48,0,13,0,4,0,24,0,6,0,37,0,46,0,312,0,1829,0,0,0,18,0,24,0,24,0,20,0,14,0,15,0,354,0,1,0,34,0,29,0,52,0,20,0,3,0,4,0,1,0,1,0,7,0,67,0,1,0,1,0,27,0,56,0,873,0
"2003M11",11,0,42,0,9,0,185,0,7,0,115,0,9,0,476,0,13,0,7,0,215,0,3,0,22,0,9,0,55,0,40,0,36,0,4,0,25,0,8,0,22,0,41,0,301,0,1834,0,0,0,21,0,14,0,15,0,16,0,20,0,6,0,372,0,2,0,35,0,41,0,47,0,30,0,1,0,5,0,1,0,2,0,5,0,44,0,1,0,3,0,34,0,60,0,868,0
"2003M12",19,0,49,0,3,0,152,0,5,0,149,0,2,0,342,0,3,0,5,0,121,0,4,0,26,0,23,0,28,0,21,0,16,0,3,0,28,0,9,0,63,0,38,0,320,0,1692,0,2,0,9,0,15,0,27,0,8,0,14,0,4,0,273,0,1,0,29,0,31,0,34,0,13,0,1,0,2,0,2,0,2,0,10,0,20,0,0,0,4,0,26,0,46,0,674,0
"2004M01",26,0,50,0,2,0,185,0,8,0,150,0,5,0,515,0,21,0,3,0,125,0,12,0,23,0,27,0,97,0,15,0,39,0,6,0,25,0,1,0,54,0,74,0,433,0,2100,0,2,0,17,0,20,0,20,0,22,0,31,0,11,0,539,0,1,0,39,0,23,0,44,0,17,0,3,0,0,0,4,0,12,0,5,0,62,0,1,0,4,0,29,0,72,0,1101,0
"2004M02",8,0,35,0,3,0,232,0,4,0,91,0,1,0,201,0,28,0,7,0,185,0,6,0,14,0,23,0,40,0,11,0,15,0,8,0,17,0,3,0,67,0,44,0,548,0,1744,0,0,0,17,0,13,0,27,0,20,0,9,0,6,0,327,0,1,0,33,0,32,0,29,0,13,0,2,0,2,0,1,0,5,0,4,0,40,0,7,0,5,0,31,0,55,0,763,0
"2004M03",26,0,34,0,8,0,132,0,1,0,67,0,0,0,144,0,6,0,1,0,91,0,2,0,18,0,9,0,26,0,21,0,15,0,6,0,19,0,1,0,73,0,50,0,284,0,1235,0,4,0,17,0,20,0,21,0,33,0,13,0,6,0,354,0,0,0,30,0,47,0,33,0,9,0,3,0,2,0,1,0,8,0,9,0,54,0,5,0,2,0,28,0,63,0,922,0
"2004M04",9,0,35,0,3,0,134,0,12,0,67,0,2,0,139,0,7,0,4,0,140,0,9,0,8,0,17,0,15,0,18,0,10,0,2,0,8,0,2,0,56,0,34,0,272,0,1103,0,3,0,7,0,18,0,12,0,14,0,8,0,15,0,247,0,2,0,19,0,39,0,64,0,7,0,4,0,5,0,6,0,7,0,4,0,34,0,2,0,4,0,12,0,48,0,652,0
"2004M05",14,0,28,0,8,0,85,0,5,0,87,0,0,0,100,0,9,0,0,0,138,0,2,0,6,0,5,0,26,0,15,0,18,0,3,0,19,0,3,0,98,0,38,0,280,0,1217,0,0,0,15,0,18,0,25,0,8,0,31,0,12,0,260,0,3,0,24,0,56,0,49,0,11,0,2,0,5,0,7,0,3,0,6,0,31,0,2,0,2,0,30,0,46,0,769,0
"2004M06",8,0,35,0,6,0,124,0,3,0,71,0,0,0,165,0,13,0,1,0,142,0,2,0,9,0,8,0,20,0,27,0,18,0,3,0,21,0,1,0,46,0,19,0,275,0,1160,0,4,0,14,0,17,0,15,0,16,0,18,0,12,0,318,0,1,0,33,0,38,0,39,0,11,0,3,0,5,0,1,0,2,0,12,0,67,0,4,0,3,0,27,0,48,0,800,0
"2004M07",11,0,21,0,5,0,173,0,2,0,72,0,0,0,171,0,16,0,0,0,129,0,8,0,17,0,8,0,17,0,29,0,12,0,3,0,24,0,6,0,59,0,12,0,346,0,1449,0,1,0,15,0,23,0,25,0,32,0,32,0,10,0,350,0,2,0,13,0,24,0,47,0,17,0,3,0,2,0,8,0,6,0,10,0,49,0,5,0,3,0,22,0,74,0,892,0
"2004M08",13,0,24,0,10,0,103,0,5,0,77,0,0,0,238,0,7,0,7,0,99,0,10,0,21,0,13,0,11,0,25,0,1,0,1,0,19,0,20,0,62,0,16,0,268,0,1213,0,5,0,10,0,13,0,34,0,20,0,28,0,12,0,354,0,2,0,27,0,46,0,18,0,15,0,4,0,4,0,11,0,6,0,5,0,51,0,0,0,3,0,20,0,42,0,839,0
"2004M09",12,0,33,0,1,0,123,0,6,0,75,0,2,0,283,0,7,0,5,0,111,0,6,0,6,0,9,0,12,0,29,0,13,0,3,0,28,0,13,0,23,0,12,0,297,0,1403,0,0,0,11,0,40,0,28,0,42,0,26,0,16,0,487,0,3,0,24,0,38,0,51,0,13,0,4,0,2,0,4,0,5,0,4,0,89,0,1,0,0,0,29,0,58,0,1091,0
"2004M10",7,0,35,0,8,0,105,0,16,0,109,0,2,0,281,0,6,0,9,0,67,0,5,0,14,0,18,0,24,0,34,0,12,0,9,0,15,0,10,0,17,0,27,0,309,0,1247,0,6,0,18,0,29,0,25,0,32,0,37,0,23,0,377,0,3,0,39,0,41,0,59,0,23,0,7,0,2,0,5,0,6,0,14,0,57,0,7,0,4,0,44,0,43,0,1050,0
"2004M11",18,0,23,0,12,0,92,0,5,0,104,0,3,0,301,0,7,0,5,0,82,0,8,0,23,0,6,0,23,0,15,0,9,0,4,0,25,0,8,0,39,0,37,0,292,0,1355,0,1,0,10,0,24,0,22,0,29,0,44,0,8,0,448,0,0,0,38,0,24,0,34,0,14,0,11,0,2,0,4,0,13,0,8,0,61,0,5,0,1,0,39,0,51,0,1017,0
"2004M12",27,0,55,0,4,0,115,0,2,0,165,0,3,0,280,0,9,0,6,0,93,0,0,0,14,0,10,0,33,0,15,0,12,0,1,0,14,0,3,0,46,0,20,0,271,0,1451,0,5,0,8,0,20,0,22,0,15,0,41,0,13,0,259,0,3,0,42,0,38,0,23,0,20,0,6,0,3,0,9,0,5,0,7,0,42,0,3,0,1,0,26,0,54,0,773,0
"2005M01",26,0,43,0,5,0,96,0,4,0,186,0,0,0,490,0,11,0,6,0,61,0,2,0,31,0,10,0,66,0,23,0,16,0,8,0,33,0,2,0,43,0,35,0,381,0,1845,0,2,0,24,0,29,0,21,0,52,0,57,0,20,0,458,0,3,0,44,0,34,0,33,0,10,0,4,0,11,0,7,0,1,0,8,0,75,0,0,0,1,0,39,0,76,0,1143,0
"2005M02",12,0,39,0,4,0,97,0,5,0,113,0,2,0,307,0,12,0,3,0,75,0,5,0,20,0,14,0,19,0,16,0,14,0,4,0,11,0,2,0,152,0,42,0,300,0,1477,0,2,0,17,0,19,0,22,0,49,0,34,0,16,0,272,0,1,0,24,0,63,0,27,0,16,0,2,0,4,0,7,0,6,0,6,0,54,0,0,0,2,0,28,0,48,0,854,0
"2005M03",5,0,32,0,4,0,101,0,10,0,94,0,0,0,249,0,4,0,6,0,69,0,4,0,22,0,7,0,8,0,13,0,9,0,6,0,10,0,10,0,100,0,19,0,288,0,1302,0,3,0,19,0,21,0,24,0,24,0,32,0,13,0,289,0,2,0,23,0,69,0,27,0,14,0,9,0,3,0,13,0,12,0,6,0,24,0,0,0,5,0,24,0,43,0,829,0
"2005M04",8,0,38,0,3,0,76,0,4,0,100,0,0,0,317,0,10,0,2,0,105,0,5,0,5,0,6,0,24,0,37,0,3,0,8,0,20,0,9,0,196,0,22,0,339,0,1484,0,4,0,18,0,19,0,21,0,30,0,30,0,8,0,289,0,1,0,24,0,64,0,73,0,17,0,6,0,7,0,11,0,8,0,5,0,32,0,1,0,2,0,19,0,38,0,830,0
"2005M05",3,0,21,0,6,0,82,0,3,0,95,0,5,0,282,0,5,0,6,0,106,0,4,0,9,0,2,0,9,0,44,0,7,0,4,0,33,0,20,0,116,0,28,0,327,0,1418,0,5,0,6,0,23,0,17,0,23,0,42,0,15,0,253,0,1,0,32,0,70,0,42,0,12,0,4,0,7,0,12,0,6,0,6,0,46,0,1,0,5,0,37,0,40,0,855,0
"2005M06",14,0,28,0,9,0,94,0,3,0,70,0,0,0,324,0,10,0,10,0,81,0,9,0,22,0,17,0,7,0,31,0,11,0,8,0,48,0,7,0,108,0,42,0,257,0,1361,0,3,0,14,0,12,0,35,0,16,0,65,0,6,0,275,0,2,0,28,0,49,0,43,0,19,0,2,0,7,0,13,0,4,0,8,0,55,0,0,0,4,0,38,0,45,0,859,0
"2005M07",18,0,28,0,8,0,126,0,11,0,101,0,5,0,406,0,7,0,2,0,60,0,3,0,5,0,16,0,6,0,12,0,5,0,1,0,30,0,6,0,85,0,19,0,322,0,1502,0,2,0,11,0,28,0,6,0,21,0,47,0,12,0,238,0,1,0,13,0,41,0,36,0,20,0,5,0,4,0,13,0,7,0,5,0,64,0,0,0,1,0,33,0,43,0,777,0
"2005M08",17,0,24,0,10,0,119,0,13,0,95,0,1,0,498,0,5,0,10,0,72,0,7,0,15,0,22,0,6,0,11,0,2,0,6,0,29,0,14,0,99,0,22,0,262,0,1529,0,3,0,13,0,20,0,26,0,46,0,59,0,7,0,315,0,2,0,25,0,37,0,18,0,11,0,13,0,5,0,15,0,5,0,19,0,44,0,0,0,4,0,29,0,39,0,884,0
"2005M09",8,0,41,0,11,0,105,0,15,0,91,0,2,0,633,0,6,0,9,0,52,0,6,0,6,0,4,0,18,0,23,0,4,0,2,0,41,0,17,0,63,0,34,0,274,0,1732,0,8,0,25,0,18,0,22,0,59,0,64,0,17,0,374,0,9,0,31,0,42,0,51,0,17,0,1,0,9,0,29,0,8,0,7,0,91,0,2,0,4,0,34,0,43,0,1121,0
"2005M10",3,0,14,0,3,0,88,0,8,0,73,0,3,0,596,0,5,0,1,0,78,0,6,0,11,0,15,0,16,0,22,0,4,0,4,0,34,0,3,0,64,0,43,0,209,0,1533,0,3,0,20,0,26,0,18,0,45,0,56,0,22,0,389,0,5,0,18,0,44,0,45,0,32,0,4,0,11,0,47,0,9,0,19,0,58,0,4,0,5,0,31,0,21,0,1115,0
"2005M11",4,0,36,0,10,0,94,0,11,0,72,0,3,0,742,0,9,0,9,0,49,0,7,0,9,0,4,0,20,0,18,0,22,0,3,0,31,0,4,0,69,0,54,0,240,0,1679,0,9,0,12,0,23,0,20,0,49,0,66,0,32,0,393,0,2,0,25,0,39,0,39,0,23,0,3,0,8,0,40,0,7,0,9,0,59,0,0,0,4,0,26,0,32,0,1093,0
"2005M12",3,0,40,0,6,0,75,0,21,0,101,0,6,0,505,0,9,0,2,0,67,0,9,0,18,0,3,0,18,0,29,0,21,0,8,0,58,0,3,0,120,0,63,0,225,0,1595,0,6,0,17,0,11,0,28,0,25,0,63,0,13,0,281,0,1,0,20,0,34,0,16,0,19,0,7,0,8,0,41,0,7,0,7,0,56,0,1,0,3,0,13,0,43,0,861,0
"2006M01",8,0,35,0,19,0,96,0,21,0,81,0,5,0,801,0,9,0,10,0,30,0,14,0,20,0,4,0,66,0,19,0,26,0,6,0,33,0,5,0,38,0,68,0,318,0,2013,0,5,0,28,0,48,0,18,0,62,0,60,0,22,0,524,0,1,0,38,0,49,0,44,0,11,0,9,0,5,0,94,0,10,0,16,0,86,0,0,0,2,0,24,0,60,0,1399,0
"2006M02",5,0,30,0,4,0,162,0,8,0,52,0,4,0,367,0,8,0,4,0,46,0,6,0,17,0,13,0,33,0,18,0,15,0,5,0,21,0,7,0,111,0,64,0,317,0,1472,0,2,0,22,0,25,0,30,0,41,0,61,0,23,0,325,0,2,0,25,0,59,0,36,0,18,0,8,0,16,0,76,0,12,0,15,0,56,0,0,0,2,0,29,0,39,0,1058,0
"2006M03",2,0,18,0,6,0,150,0,21,0,42,0,1,0,492,0,2,0,5,0,73,0,6,0,23,0,7,0,51,0,31,0,5,0,44,0,27,0,11,0,60,0,56,0,217,0,1496,0,2,0,13,0,28,0,39,0,39,0,60,0,15,0,295,0,2,0,26,0,57,0,28,0,16,0,8,0,8,0,100,0,9,0,10,0,72,0,2,0,2,0,34,0,35,0,1092,0
"2006M04",4,0,33,0,2,0,116,0,4,0,66,0,2,0,426,0,5,0,1,0,82,0,6,0,6,0,5,0,12,0,20,0,8,0,19,0,43,0,2,0,92,0,57,0,194,0,1314,0,5,0,17,0,14,0,27,0,22,0,52,0,19,0,253,0,3,0,20,0,52,0,68,0,21,0,3,0,21,0,77,0,9,0,23,0,39,0,0,0,9,0,22,0,43,0,943,0
"2006M05",1,0,31,0,5,0,94,0,6,0,48,0,0,0,422,0,10,0,5,0,62,0,11,0,7,0,2,0,76,0,21,0,2,0,41,0,24,0,9,0,70,0,58,0,231,0,1391,0,4,0,20,0,19,0,21,0,25,0,42,0,6,0,217,0,1,0,23,0,52,0,49,0,16,0,2,0,11,0,66,0,12,0,24,0,53,0,0,0,2,0,33,0,30,0,881,0
"2006M06",0,0,20,0,4,0,131,0,5,0,54,0,1,0,435,0,5,0,6,0,63,0,5,0,15,0,6,0,12,0,30,0,12,0,13,0,47,0,3,0,172,0,42,0,271,0,1543,0,2,0,20,0,23,0,21,0,20,0,60,0,19,0,262,0,3,0,13,0,58,0,36,0,27,0,8,0,22,0,84,0,3,0,9,0,56,0,1,0,5,0,18,0,62,0,996,0
"2006M07",10,0,18,0,7,0,130,0,10,0,79,0,0,0,496,0,14,0,6,0,83,0,5,0,8,0,0,0,89,0,31,0,10,0,8,0,43,0,4,0,123,0,44,0,257,0,1657,0,4,0,13,0,26,0,25,0,34,0,68,0,5,0,210,0,4,0,25,0,60,0,44,0,21,0,7,0,15,0,97,0,12,0,40,0,59,0,2,0,8,0,42,0,44,0,1016,0
"2006M08",4,0,29,0,1,0,98,0,11,0,45,0,11,0,716,0,14,0,3,0,46,0,9,0,14,0,14,0,52,0,26,0,4,0,65,0,29,0,9,0,106,0,51,0,263,0,1779,0,5,0,24,0,27,0,35,0,48,0,61,0,9,0,299,0,1,0,24,0,70,0,23,0,14,0,4,0,15,0,123,0,12,0,14,0,76,0,3,0,3,0,37,0,56,0,1141,0
"2006M09",2,0,20,0,16,0,124,0,16,0,103,0,2,0,873,0,6,0,7,0,41,0,4,0,11,0,3,0,10,0,23,0,14,0,14,0,52,0,2,0,66,0,45,0,277,0,1902,0,9,0,12,0,51,0,39,0,49,0,59,0,23,0,382,0,3,0,17,0,60,0,53,0,30,0,7,0,22,0,152,0,18,0,28,0,87,0,5,0,4,0,33,0,50,0,1397,0
"2006M10",2,0,27,0,6,0,79,0,19,0,56,0,1,0,713,0,8,0,7,0,60,0,6,0,11,0,3,0,35,0,31,0,8,0,56,0,34,0,2,0,50,0,52,0,240,0,1674,0,1,0,37,0,34,0,35,0,48,0,52,0,21,0,399,0,5,0,28,0,51,0,50,0,24,0,5,0,22,0,188,0,16,0,16,0,74,0,0,0,9,0,30,0,57,0,1374,0
"2006M11",4,0,23,0,1,0,119,0,17,0,48,0,5,0,606,0,1,0,9,0,64,0,10,0,12,0,7,0,36,0,34,0,17,0,15,0,37,0,4,0,55,0,43,0,281,0,1646,0,1,0,33,0,29,0,32,0,53,0,79,0,21,0,420,0,2,0,37,0,36,0,49,0,25,0,5,0,21,0,212,0,9,0,27,0,54,0,2,0,3,0,42,0,57,0,1444,0
"2006M12",1,0,44,0,5,0,84,0,20,0,77,0,6,0,355,0,4,0,11,0,30,0,9,0,27,0,7,0,43,0,34,0,9,0,2,0,54,0,5,0,137,0,85,0,247,0,1480,0,1,0,26,0,18,0,16,0,35,0,78,0,11,0,299,0,4,0,21,0,66,0,31,0,14,0,13,0,8,0,126,0,5,0,33,0,67,0,0,0,2,0,43,0,36,0,1141,0
"2007M01",6,0,31,0,4,0,91,0,22,0,69,0,10,0,637,0,19,0,13,0,100,0,7,0,23,0,3,0,75,0,31,0,30,0,58,0,60,0,4,0,58,0,79,0,363,0,1967,0,7,0,22,0,59,0,39,0,56,0,55,0,32,0,482,0,3,0,41,0,62,0,40,0,13,0,9,0,20,0,136,0,11,0,28,0,76,0,4,0,0,0,70,0,60,0,1481,0
"2007M02",1,0,33,0,2,0,63,0,29,0,53,0,0,0,377,0,3,0,7,0,66,0,10,0,17,0,4,0,38,0,32,0,13,0,4,0,31,0,0,0,149,0,49,0,318,0,1451,0,5,0,27,0,36,0,42,0,37,0,37,0,26,0,278,0,3,0,25,0,53,0,30,0,16,0,12,0,10,0,141,0,10,0,34,0,76,0,2,0,5,0,41,0,60,0,1166,0
"2007M03",1,0,33,0,5,0,91,0,8,0,46,0,2,0,378,0,8,0,4,0,166,0,7,0,11,0,7,0,26,0,35,0,8,0,15,0,27,0,2,0,70,0,40,0,260,0,1338,0,5,0,30,0,14,0,44,0,43,0,76,0,24,0,260,0,2,0,25,0,81,0,35,0,17,0,11,0,64,0,187,0,16,0,32,0,52,0,3,0,4,0,48,0,78,0,1394,0
"2007M04",3,0,22,0,2,0,80,0,12,0,35,0,0,0,296,0,6,0,1,0,73,0,7,0,3,0,6,0,22,0,34,0,12,0,5,0,24,0,1,0,71,0,36,0,195,0,1031,0,4,0,24,0,19,0,27,0,34,0,68,0,9,0,254,0,0,0,21,0,84,0,53,0,21,0,10,0,47,0,133,0,9,0,13,0,36,0,2,0,7,0,31,0,63,0,1124,0
"2007M05",3,0,29,0,11,0,56,0,11,0,33,0,1,0,308,0,2,0,6,0,137,0,4,0,7,0,9,0,13,0,37,0,9,0,18,0,20,0,6,0,30,0,43,0,195,0,1046,0,4,0,28,0,25,0,28,0,33,0,85,0,15,0,272,0,1,0,27,0,61,0,32,0,42,0,9,0,36,0,122,0,10,0,12,0,59,0,0,0,1,0,46,0,54,0,1192,0
"2007M06",9,0,24,0,2,0,99,0,8,0,48,0,3,0,372,0,3,0,4,0,107,0,5,0,17,0,5,0,12,0,55,0,9,0,4,0,39,0,5,0,77,0,40,0,227,0,1298,0,3,0,27,0,13,0,55,0,28,0,75,0,18,0,263,0,4,0,28,0,88,0,42,0,32,0,8,0,22,0,187,0,17,0,6,0,54,0,0,0,6,0,44,0,71,0,1292,0
"2007M07",11,0,30,0,7,0,74,0,6,0,32,0,3,0,386,0,3,0,4,0,65,0,4,0,8,0,5,0,26,0,55,0,3,0,28,0,39,0,4,0,101,0,43,0,277,0,1336,0,6,0,25,0,34,0,25,0,22,0,78,0,10,0,205,0,3,0,25,0,92,0,63,0,14,0,10,0,20,0,145,0,6,0,36,0,78,0,3,0,4,0,50,0,53,0,1140,0
"2007M08",0,0,19,0,4,0,83,0,15,0,40,0,1,0,522,0,1,0,10,0,99,0,2,0,5,0,8,0,91,0,42,0,6,0,29,0,38,0,5,0,76,0,46,0,295,0,1596,0,4,0,22,0,13,0,44,0,46,0,82,0,24,0,395,0,5,0,35,0,79,0,27,0,15,0,10,0,23,0,223,0,9,0,47,0,67,0,1,0,8,0,55,0,75,0,1490,0
"2007M09",4,0,30,0,10,0,102,0,8,0,52,0,7,0,603,0,8,0,15,0,97,0,4,0,7,0,7,0,8,0,24,0,11,0,5,0,44,0,4,0,56,0,61,0,242,0,1532,0,7,0,29,0,33,0,40,0,72,0,97,0,20,0,394,0,4,0,24,0,71,0,53,0,18,0,11,0,30,0,260,0,5,0,17,0,92,0,5,0,3,0,44,0,66,0,1580,0
"2007M10",2,0,20,0,7,0,118,0,28,0,34,0,10,0,445,0,8,0,3,0,75,0,10,0,7,0,0,0,52,0,41,0,3,0,14,0,34,0,12,0,45,0,34,0,256,0,1454,0,7,0,29,0,23,0,33,0,58,0,70,0,23,0,364,0,2,0,23,0,49,0,50,0,20,0,10,0,43,0,155,0,8,0,20,0,72,0,2,0,1,0,41,0,57,0,1355,0
"2007M11",4,0,19,0,8,0,87,0,14,0,47,0,2,0,470,0,3,0,4,0,77,0,6,0,12,0,5,0,12,0,49,0,27,0,10,0,25,0,3,0,62,0,67,0,231,0,1375,0,7,0,30,0,38,0,42,0,49,0,77,0,31,0,386,0,2,0,47,0,51,0,38,0,10,0,6,0,31,0,132,0,15,0,22,0,68,0,0,0,3,0,42,0,65,0,1419,0
"2007M12",1,0,25,0,7,0,91,0,9,0,75,0,0,0,323,0,5,0,8,0,72,0,9,0,12,0,3,0,28,0,52,0,13,0,0,0,25,0,4,0,118,0,51,0,256,0,1334,0,4,0,24,0,17,0,46,0,48,0,93,0,10,0,270,0,8,0,22,0,69,0,27,0,12,0,12,0,29,0,148,0,6,0,23,0,49,0,5,0,13,0,62,0,70,0,1267,0
"2008M01",2,0,29,0,20,0,71,0,20,0,75,0,5,0,532,0,11,0,5,0,62,0,10,0,17,0,9,0,87,0,25,0,10,0,11,0,55,0,4,0,35,0,71,0,265,0,1662,0,10,0,34,0,50,0,29,0,70,0,65,0,37,0,446,0,4,0,36,0,56,0,42,0,12,0,11,0,26,0,148,0,14,0,21,0,101,0,3,0,6,0,118,0,66,0,1590,0
"2008M02",4,0,35,0,10,0,82,0,3,0,68,0,3,0,297,0,8,0,8,0,61,0,2,0,21,0,8,0,43,0,45,0,22,0,8,0,37,0,4,0,121,0,48,0,298,0,1391,0,5,0,40,0,28,0,45,0,56,0,83,0,26,0,339,0,8,0,42,0,95,0,34,0,17,0,9,0,34,0,187,0,6,0,15,0,86,0,0,0,16,0,116,0,68,0,1588,0
"2008M03",1,0,32,0,4,0,108,0,12,0,48,0,0,0,200,0,3,0,3,0,59,0,9,0,12,0,17,0,44,0,47,0,9,0,13,0,21,0,18,0,91,0,57,0,234,0,1241,0,4,0,29,0,22,0,44,0,39,0,73,0,31,0,301,0,3,0,32,0,88,0,47,0,14,0,21,0,45,0,233,0,18,0,15,0,65,0,1,0,5,0,75,0,66,0,1556,0
"2008M04",0,0,12,0,7,0,81,0,6,0,29,0,1,0,253,0,5,0,1,0,80,0,11,0,7,0,2,0,10,0,90,0,18,0,11,0,26,0,5,0,137,0,62,0,199,0,1157,0,4,0,27,0,22,0,39,0,37,0,78,0,13,0,255,0,3,0,23,0,72,0,68,0,25,0,18,0,22,0,140,0,19,0,12,0,62,0,0,0,6,0,78,0,69,0,1311,0
"2008M05",1,0,19,0,1,0,84,0,6,0,56,0,4,0,213,0,4,0,1,0,62,0,4,0,8,0,9,0,11,0,55,0,17,0,20,0,29,0,10,0,106,0,37,0,211,0,1183,0,1,0,31,0,24,0,43,0,23,0,98,0,18,0,305,0,5,0,28,0,78,0,45,0,53,0,18,0,19,0,182,0,14,0,11,0,61,0,2,0,5,0,88,0,63,0,1402,0
"2008M06",3,0,27,0,5,0,101,0,5,0,34,0,5,0,272,0,8,0,3,0,99,0,2,0,6,0,9,0,11,0,72,0,9,0,7,0,32,0,8,0,96,0,84,0,226,0,1252,0,6,0,21,0,27,0,41,0,36,0,100,0,13,0,281,0,4,0,29,0,84,0,51,0,32,0,13,0,9,0,259,0,15,0,24,0,78,0,1,0,6,0,63,0,56,0,1401,0
"2008M07",4,0,24,0,7,0,100,0,16,0,46,0,1,0,264,0,5,0,11,0,46,0,4,0,13,0,9,0,13,0,57,0,15,0,5,0,25,0,4,0,51,0,29,0,279,0,1196,0,8,0,20,0,24,0,31,0,27,0,104,0,14,0,281,0,3,0,31,0,97,0,25,0,18,0,13,0,7,0,250,0,11,0,10,0,71,0,4,0,6,0,84,0,41,0,1319,0
"2008M08",2,0,34,0,13,0,124,0,3,0,67,0,3,0,330,0,9,0,1,0,64,0,1,0,3,0,13,0,23,0,74,0,11,0,9,0,50,0,10,0,96,0,67,0,249,0,1433,0,7,0,30,0,30,0,63,0,32,0,110,0,7,0,394,0,5,0,37,0,93,0,33,0,8,0,15,0,19,0,253,0,18,0,29,0,88,0,11,0,10,0,82,0,72,0,1613,0
"2008M09",1,0,27,0,14,0,102,0,9,0,45,0,8,0,473,0,5,0,3,0,36,0,2,0,7,0,10,0,12,0,57,0,12,0,4,0,24,0,11,0,72,0,58,0,241,0,1474,0,5,0,37,0,30,0,36,0,62,0,71,0,30,0,360,0,6,0,40,0,83,0,39,0,11,0,19,0,14,0,185,0,22,0,25,0,99,0,7,0,3,0,65,0,57,0,1477,0
"2008M10",1,0,36,0,11,0,102,0,14,0,59,0,5,0,390,0,3,0,6,0,39,0,4,0,3,0,12,0,18,0,41,0,1,0,8,0,30,0,9,0,39,0,52,0,248,0,1348,0,7,0,29,0,41,0,34,0,67,0,68,0,18,0,389,0,6,0,49,0,68,0,46,0,9,0,25,0,20,0,160,0,11,0,22,0,86,0,3,0,6,0,58,0,69,0,1506,0
"2008M11",3,0,40,0,5,0,99,0,10,0,52,0,8,0,343,0,8,0,13,0,70,0,6,0,14,0,6,0,29,0,56,0,8,0,2,0,20,0,4,0,53,0,71,0,268,0,1350,0,6,0,39,0,52,0,45,0,53,0,76,0,34,0,387,0,2,0,56,0,76,0,39,0,11,0,20,0,16,0,133,0,19,0,10,0,62,0,1,0,5,0,94,0,60,0,1516,0
"2008M12",8,0,34,0,9,0,73,0,16,0,85,0,1,0,302,0,5,0,4,0,44,0,6,0,5,0,6,0,28,0,42,0,11,0,3,0,32,0,2,0,107,0,60,0,244,0,1278,0,8,0,25,0,36,0,52,0,35,0,120,0,14,0,244,0,9,0,18,0,68,0,22,0,7,0,11,0,3,0,119,0,5,0,14,0,51,0,1,0,5,0,56,0,50,0,1172,0
"2009M01",12,0,40,0,8,0,97,0,11,0,125,0,5,0,445,0,19,0,13,0,58,0,7,0,13,0,13,0,81,0,53,0,11,0,17,0,31,0,5,0,74,0,101,0,288,0,1728,0,2,0,48,0,45,0,58,0,46,0,116,0,31,0,455,0,4,0,67,0,78,0,35,0,10,0,18,0,8,0,106,0,5,0,20,0,83,0,3,0,7,0,88,0,58,0,1602,0
"2009M02",1,0,20,0,3,0,101,0,17,0,60,0,0,0,245,0,6,0,1,0,44,0,7,0,14,0,7,0,20,0,36,0,8,0,3,0,29,0,9,0,98,0,70,0,266,0,1231,0,5,0,41,0,29,0,76,0,34,0,107,0,14,0,293,0,2,0,37,0,106,0,28,0,20,0,7,0,21,0,147,0,5,0,7,0,66,0,2,0,2,0,75,0,50,0,1357,0
"2009M03",2,0,18,0,4,0,98,0,4,0,49,0,0,0,190,0,2,0,10,0,75,0,7,0,10,0,3,0,43,0,50,0,4,0,15,0,25,0,7,0,111,0,60,0,232,0,1195,0,3,0,48,0,23,0,110,0,32,0,88,0,21,0,255,0,5,0,62,0,95,0,26,0,24,0,17,0,11,0,124,0,11,0,10,0,59,0,3,0,2,0,43,0,54,0,1356,0
"2009M04",1,0,29,0,3,0,76,0,4,0,64,0,0,0,199,0,6,0,4,0,68,0,7,0,6,0,2,0,8,0,80,0,11,0,4,0,21,0,3,0,82,0,47,0,203,0,1031,0,3,0,48,0,14,0,80,0,28,0,64,0,15,0,233,0,1,0,46,0,55,0,46,0,22,0,7,0,10,0,106,0,6,0,7,0,49,0,1,0,6,0,37,0,47,0,1108,0
"2009M05",1,0,18,0,6,0,64,0,3,0,58,0,2,0,177,0,3,0,6,0,74,0,6,0,7,0,4,0,36,0,55,0,14,0,28,0,21,0,4,0,90,0,67,0,201,0,1065,0,7,0,41,0,22,0,130,0,15,0,99,0,14,0,208,0,10,0,33,0,74,0,19,0,34,0,12,0,11,0,143,0,2,0,11,0,40,0,3,0,4,0,32,0,48,0,1165,0
"2009M06",3,0,22,0,12,0,113,0,2,0,47,0,0,0,279,0,4,0,3,0,88,0,1,0,8,0,12,0,21,0,55,0,16,0,3,0,31,0,4,0,64,0,31,0,215,0,1127,0,4,0,46,0,24,0,110,0,19,0,53,0,18,0,214,0,10,0,40,0,74,0,32,0,25,0,12,0,12,0,146,0,2,0,9,0,49,0,2,0,3,0,34,0,54,0,1119,0
"2009M07",3,0,22,0,11,0,100,0,3,0,36,0,0,0,232,0,5,0,2,0,74,0,6,0,12,0,1,0,18,0,56,0,2,0,7,0,23,0,6,0,48,0,49,0,267,0,1192,0,4,0,25,0,18,0,122,0,27,0,63,0,14,0,187,0,6,0,28,0,82,0,27,0,17,0,14,0,9,0,94,0,6,0,16,0,79,0,2,0,1,0,28,0,74,0,1058,0
"2009M08",7,0,25,0,10,0,97,0,26,0,60,0,8,0,298,0,2,0,4,0,71,0,1,0,3,0,2,0,13,0,35,0,5,0,35,0,35,0,5,0,74,0,58,0,220,0,1239,0,8,0,40,0,11,0,147,0,37,0,66,0,12,0,304,0,3,0,34,0,87,0,18,0,22,0,10,0,6,0,98,0,7,0,9,0,72,0,1,0,9,0,30,0,63,0,1234,0
"2009M09",2,0,37,0,17,0,103,0,4,0,58,0,2,0,382,0,4,0,12,0,76,0,5,0,11,0,9,0,25,0,47,0,9,0,8,0,36,0,9,0,72,0,30,0,270,0,1389,0,7,0,50,0,33,0,110,0,47,0,45,0,21,0,316,0,2,0,31,0,91,0,33,0,12,0,14,0,9,0,103,0,10,0,12,0,76,0,0,0,6,0,24,0,53,0,1262,0
"2009M10",3,0,22,0,13,0,94,0,15,0,62,0,3,0,298,0,7,0,8,0,59,0,4,0,9,0,7,0,14,0,26,0,7,0,7,0,33,0,26,0,39,0,21,0,227,0,1125,0,2,0,67,0,30,0,86,0,51,0,25,0,35,0,317,0,3,0,59,0,60,0,30,0,28,0,6,0,13,0,57,0,4,0,20,0,71,0,5,0,9,0,12,0,55,0,1245,0
"2009M11",1,0,40,0,12,0,100,0,14,0,52,0,2,0,293,0,1,0,4,0,83,0,6,0,6,0,3,0,14,0,34,0,3,0,9,0,23,0,2,0,56,0,29,0,264,0,1211,0,5,0,55,0,39,0,119,0,48,0,21,0,26,0,337,0,3,0,58,0,64,0,35,0,16,0,4,0,13,0,50,0,4,0,16,0,57,0,0,0,3,0,31,0,47,0,1261,0
"2009M12",3,0,45,0,7,0,92,0,5,0,91,0,1,0,230,0,1,0,12,0,63,0,12,0,25,0,4,0,24,0,53,0,8,0,6,0,46,0,9,0,151,0,53,0,191,0,1285,0,6,0,48,0,14,0,80,0,22,0,49,0,18,0,220,0,1,0,21,0,71,0,19,0,9,0,8,0,18,0,47,0,3,0,5,0,56,0,3,0,7,0,24,0,48,0,964,0
"2010M01",8,0,39,0,16,0,92,0,11,0,126,0,4,0,347,0,13,0,5,0,52,0,3,0,16,0,20,0,60,0,59,0,20,0,4,0,32,0,2,0,33,0,102,0,245,0,1498,0,4,0,77,0,55,0,65,0,42,0,40,0,36,0,324,0,3,0,52,0,64,0,16,0,13,0,5,0,15,0,43,0,7,0,6,0,82,0,2,0,1,0,37,0,48,0,1175,0
"2010M02",3,0,31,0,14,0,56,0,10,0,60,0,2,0,190,0,1,0,4,0,41,0,7,0,19,0,5,0,26,0,26,0,11,0,2,0,20,0,4,0,92,0,53,0,195,0,975,0,1,0,66,0,26,0,56,0,31,0,25,0,32,0,241,0,2,0,39,0,94,0,31,0,14,0,6,0,12,0,66,0,5,0,9,0,67,0,3,0,9,0,8,0,49,0,1099,0
"2010M03",2,0,32,0,0,0,151,0,7,0,47,0,0,0,128,0,3,0,5,0,64,0,13,0,24,0,9,0,22,0,62,0,4,0,4,0,14,0,7,0,78,0,40,0,209,0,1127,0,8,0,73,0,15,0,86,0,29,0,19,0,35,0,210,0,6,0,36,0,92,0,29,0,17,0,8,0,17,0,54,0,2,0,14,0,41,0,0,0,1,0,17,0,47,0,1112,0
"2010M04",3,0,26,0,1,0,70,0,3,0,43,0,1,0,182,0,1,0,6,0,65,0,7,0,16,0,6,0,7,0,71,0,7,0,5,0,13,0,4,0,81,0,58,0,176,0,976,0,3,0,63,0,21,0,56,0,26,0,20,0,8,0,154,0,5,0,17,0,75,0,41,0,13,0,5,0,9,0,36,0,4,0,7,0,59,0,2,0,5,0,15,0,37,0,842,0
"2010M05",1,0,22,0,3,0,114,0,5,0,31,0,1,0,156,0,1,0,12,0,48,0,3,0,10,0,5,0,9,0,86,0,6,0,4,0,35,0,3,0,45,0,49,0,174,0,992,0,5,0,60,0,19,0,46,0,20,0,26,0,9,0,201,0,4,0,35,0,86,0,31,0,30,0,9,0,16,0,42,0,4,0,12,0,51,0,1,0,7,0,19,0,50,0,911,0
"2010M06",1,0,34,0,4,0,120,0,8,0,29,0,6,0,152,0,2,0,11,0,47,0,2,0,10,0,6,0,18,0,67,0,14,0,0,0,45,0,1,0,34,0,37,0,243,0,983,0,4,0,60,0,25,0,40,0,18,0,27,0,14,0,203,0,6,0,46,0,59,0,34,0,29,0,13,0,11,0,54,0,9,0,6,0,49,0,4,0,1,0,19,0,42,0,903,0
"2010M07",10,0,34,0,16,0,101,0,11,0,12,0,1,0,174,0,6,0,2,0,48,0,7,0,10,0,3,0,10,0,58,0,14,0,7,0,36,0,2,0,71,0,34,0,198,0,1042,0,3,0,42,0,33,0,41,0,14,0,33,0,9,0,172,0,3,0,36,0,88,0,21,0,18,0,9,0,7,0,48,0,11,0,10,0,83,0,1,0,8,0,21,0,47,0,885,0
"2010M08",9,0,31,0,10,0,126,0,15,0,38,0,1,0,250,0,1,0,1,0,45,0,5,0,5,0,13,0,15,0,61,0,5,0,3,0,34,0,15,0,88,0,49,0,374,0,1318,0,3,0,64,0,22,0,57,0,37,0,25,0,10,0,322,0,3,0,26,0,124,0,17,0,12,0,10,0,8,0,61,0,7,0,17,0,91,0,1,0,11,0,16,0,63,0,1129,0
"2010M09",4,0,26,0,18,0,93,0,10,0,40,0,5,0,332,0,3,0,21,0,41,0,7,0,12,0,13,0,7,0,59,0,7,0,6,0,55,0,3,0,52,0,45,0,245,0,1233,0,4,0,72,0,35,0,101,0,61,0,19,0,31,0,314,0,10,0,56,0,88,0,32,0,20,0,7,0,10,0,53,0,8,0,13,0,86,0,9,0,6,0,21,0,69,0,1320,0
"2010M10",7,0,25,0,9,0,113,0,14,0,31,0,1,0,298,0,2,0,7,0,25,0,3,0,14,0,15,0,24,0,46,0,7,0,7,0,22,0,12,0,38,0,42,0,238,0,1131,0,2,0,84,0,33,0,193,0,61,0,22,0,39,0,329,0,8,0,53,0,78,0,32,0,29,0,7,0,13,0,61,0,8,0,8,0,68,0,2,0,2,0,17,0,64,0,1470,0
"2010M11",1,0,39,0,9,0,123,0,7,0,13,0,1,0,252,0,2,0,5,0,36,0,2,0,17,0,7,0,41,0,40,0,17,0,2,0,37,0,6,0,50,0,27,0,243,0,1110,0,4,0,83,0,55,0,138,0,48,0,12,0,58,0,357,0,11,0,66,0,71,0,34,0,15,0,4,0,13,0,71,0,10,0,9,0,67,0,3,0,7,0,20,0,72,0,1466,0
"2010M12",3,0,30,0,6,0,76,0,10,0,44,0,9,0,240,0,3,0,7,0,42,0,8,0,22,0,12,0,18,0,43,0,11,0,6,0,24,0,8,0,60,0,67,0,240,0,1150,0,6,0,51,0,29,0,91,0,32,0,35,0,29,0,233,0,7,0,41,0,68,0,20,0,9,0,7,0,9,0,48,0,23,0,9,0,67,0,2,0,12,0,17,0,54,0,1094,0
"2011M01",3,0,41,0,17,0,112,0,2,0,42,0,2,0,273,0,7,0,7,0,37,0,3,0,17,0,12,0,55,0,56,0,9,0,50,0,37,0,0,0,47,0,85,0,232,0,1350,0,6,0,102,0,55,0,51,0,39,0,28,0,34,0,363,0,2,0,68,0,59,0,29,0,11,0,11,0,10,0,72,0,8,0,8,0,87,0,1,0,6,0,31,0,57,0,1327,0
"2011M02",4,0,32,0,5,0,94,0,8,0,29,0,5,0,193,0,1,0,7,0,45,0,6,0,25,0,11,0,22,0,46,0,6,0,4,0,27,0,2,0,121,0,42,0,237,0,1108,0,6,0,100,0,35,0,71,0,30,0,23,0,38,0,282,0,9,0,60,0,94,0,28,0,11,0,18,0,12,0,82,0,10,0,27,0,72,0,2,0,3,0,26,0,52,0,1296,0
"2011M03",4,0,29,0,15,0,169,0,3,0,46,0,0,0,114,0,2,0,10,0,68,0,15,0,14,0,17,0,23,0,17,0,3,0,3,0,27,0,13,0,153,0,44,0,272,0,1176,0,5,0,88,0,24,0,116,0,36,0,16,0,37,0,213,0,7,0,62,0,102,0,41,0,19,0,9,0,16,0,73,0,6,0,11,0,84,0,7,0,7,0,14,0,67,0,1326,0
"2011M04",5,0,37,0,11,0,99,0,4,0,38,0,2,0,136,0,7,0,2,0,36,0,13,0,9,0,2,0,12,0,105,0,8,0,7,0,19,0,1,0,76,0,36,0,223,0,983,0,3,0,67,0,24,0,77,0,34,0,13,0,17,0,195,0,9,0,57,0,65,0,42,0,19,0,17,0,10,0,58,0,10,0,11,0,44,0,6,0,5,0,14,0,62,0,1067,0
"2011M05",7,0,20,0,2,0,122,0,12,0,38,0,0,0,176,0,1,0,7,0,53,0,5,0,7,0,4,0,16,0,55,0,4,0,2,0,12,0,4,0,84,0,28,0,270,0,1052,0,7,0,76,0,23,0,73,0,22,0,13,0,18,0,282,0,12,0,53,0,87,0,42,0,31,0,9,0,15,0,62,0,23,0,8,0,63,0,5,0,6,0,26,0,62,0,1198,0
"2011M06",2,0,38,0,5,0,140,0,4,0,17,0,4,0,173,0,5,0,12,0,48,0,2,0,12,0,1,0,13,0,67,0,4,0,13,0,37,0,2,0,92,0,37,0,240,0,1088,0,7,0,63,0,14,0,84,0,22,0,17,0,25,0,230,0,7,0,50,0,78,0,44,0,30,0,9,0,11,0,72,0,8,0,7,0,59,0,3,0,5,0,15,0,60,0,1067,0
"2011M07",4,0,23,0,14,0,122,0,7,0,47,0,0,0,203,0,6,0,9,0,34,0,1,0,10,0,7,0,11,0,34,0,11,0,2,0,56,0,6,0,71,0,53,0,228,0,1089,0,7,0,75,0,28,0,77,0,21,0,17,0,14,0,214,0,1,0,64,0,83,0,29,0,19,0,15,0,13,0,86,0,10,0,16,0,63,0,5,0,2,0,24,0,73,0,1118,0
"2011M08",5,0,27,0,10,0,161,0,16,0,36,0,0,0,253,0,2,0,10,0,42,0,7,0,11,0,2,0,21,0,53,0,6,0,1,0,29,0,6,0,67,0,42,0,235,0,1202,0,12,0,64,0,24,0,131,0,42,0,14,0,13,0,397,0,5,0,86,0,100,0,15,0,18,0,11,0,9,0,76,0,16,0,9,0,80,0,1,0,11,0,32,0,86,0,1464,0
"2011M09",3,0,31,0,14,0,128,0,19,0,34,0,2,0,235,0,11,0,22,0,39,0,7,0,8,0,4,0,10,0,34,0,8,0,4,0,29,0,1,0,42,0,33,0,290,0,1130,0,12,0,80,0,42,0,98,0,40,0,22,0,45,0,379,0,7,0,108,0,71,0,39,0,21,0,17,0,19,0,58,0,10,0,17,0,85,0,0,0,4,0,22,0,84,0,1530,0
"2011M10",1,0,24,0,13,0,107,0,8,0,30,0,4,0,250,0,5,0,12,0,33,0,8,0,14,0,4,0,55,0,33,0,10,0,38,0,15,0,3,0,79,0,32,0,270,0,1175,0,5,0,88,0,30,0,116,0,58,0,21,0,33,0,338,0,15,0,83,0,86,0,28,0,17,0,11,0,8,0,61,0,15,0,14,0,75,0,3,0,4,0,17,0,82,0,1442,0
"2011M11",8,0,29,0,3,0,154,0,8,0,29,0,9,0,287,0,3,0,12,0,55,0,8,0,11,0,11,0,18,0,36,0,12,0,3,0,38,0,10,0,82,0,27,0,240,0,1190,0,9,0,60,0,43,0,122,0,52,0,17,0,38,0,356,0,7,0,83,0,67,0,33,0,28,0,12,0,17,0,101,0,13,0,23,0,72,0,2,0,10,0,19,0,97,0,1607,0
"2011M12",2,0,51,0,12,0,134,0,6,0,64,0,8,0,226,0,0,0,8,0,32,0,12,0,18,0,2,0,21,0,49,0,19,0,1,0,30,0,4,0,136,0,84,0,209,0,1241,0,7,0,57,0,37,0,71,0,28,0,22,0,22,0,224,0,3,0,47,0,68,0,19,0,15,0,8,0,7,0,56,0,4,0,12,0,74,0,2,0,16,0,29,0,84,0,1161,0
"2012M01",14,0,46,0,6,0,127,0,20,0,61,0,4,0,200,0,2,0,7,0,56,0,11,0,11,0,3,0,80,0,50,0,18,0,38,0,27,0,2,0,34,0,58,0,325,0,1359,0,12,0,79,0,35,0,49,0,47,0,14,0,36,0,378,0,5,0,81,0,56,0,36,0,14,0,13,0,7,0,60,0,21,0,8,0,100,0,3,0,12,0,25,0,67,0,1407,0
"2012M02",4,0,30,0,3,0,109,0,6,0,44,0,0,0,156,0,11,0,6,0,54,0,10,0,19,0,8,0,19,0,46,0,21,0,6,0,28,0,4,0,85,0,28,0,253,0,1061,0,11,0,110,0,40,0,110,0,32,0,27,0,45,0,341,0,7,0,90,0,128,0,25,0,19,0,16,0,18,0,100,0,14,0,10,0,78,0,12,0,14,0,31,0,82,0,1642,0
"2012M03",1,0,22,0,3,0,165,0,2,0,30,0,0,0,124,0,4,0,9,0,66,0,7,0,13,0,14,0,26,0,50,0,6,0,6,0,16,0,8,0,93,0,37,0,422,0,1250,0,9,0,95,0,38,0,160,0,31,0,10,0,32,0,261,0,16,0,76,0,119,0,29,0,20,0,8,0,11,0,65,0,21,0,16,0,59,0,2,0,6,0,12,0,75,0,1527,0
"2012M04",0,0,26,0,3,0,127,0,7,0,46,0,0,0,100,0,1,0,15,0,56,0,3,0,13,0,3,0,14,0,61,0,15,0,10,0,20,0,2,0,106,0,25,0,211,0,937,0,7,0,68,0,16,0,77,0,24,0,23,0,24,0,210,0,4,0,52,0,97,0,32,0,14,0,15,0,10,0,65,0,17,0,11,0,42,0,2,0,4,0,10,0,55,0,1084,0
"2012M05",2,0,24,0,1,0,154,0,2,0,37,0,2,0,84,0,6,0,3,0,79,0,11,0,11,0,8,0,21,0,79,0,7,0,16,0,18,0,2,0,120,0,27,0,363,0,1157,0,9,0,75,0,36,0,109,0,25,0,18,0,19,0,231,0,7,0,83,0,101,0,38,0,22,0,15,0,13,0,69,0,6,0,16,0,58,0,4,0,9,0,23,0,82,0,1288,0
"2012M06",14,0,18,0,6,0,187,0,9,0,23,0,2,0,152,0,7,0,4,0,100,0,4,0,18,0,9,0,21,0,54,0,25,0,7,0,16,0,5,0,55,0,27,0,314,0,1172,0,12,0,58,0,43,0,132,0,26,0,23,0,18,0,250,0,10,0,63,0,130,0,31,0,30,0,12,0,9,0,82,0,21,0,8,0,81,0,7,0,4,0,23,0,77,0,1381,0
"2012M07",13,0,29,0,11,0,103,0,3,0,39,0,1,0,113,0,3,0,3,0,52,0,5,0,11,0,9,0,21,0,49,0,17,0,18,0,26,0,5,0,54,0,19,0,213,0,879,0,13,0,47,0,18,0,108,0,23,0,19,0,12,0,198,0,2,0,40,0,110,0,19,0,19,0,13,0,12,0,105,0,24,0,14,0,81,0,4,0,10,0,22,0,71,0,1167,0
"2012M08",1,0,26,0,11,0,142,0,11,0,31,0,1,0,233,0,11,0,11,0,72,0,3,0,4,0,6,0,21,0,51,0,6,0,7,0,27,0,7,0,41,0,40,0,358,0,1280,0,11,0,66,0,39,0,145,0,31,0,27,0,10,0,379,0,10,0,61,0,121,0,13,0,11,0,16,0,11,0,83,0,25,0,13,0,80,0,7,0,6,0,24,0,94,0,1530,0
"2012M09",2,0,34,0,16,0,132,0,10,0,34,0,7,0,254,0,9,0,12,0,67,0,1,0,12,0,7,0,13,0,54,0,14,0,3,0,39,0,0,0,32,0,25,0,187,0,1100,0,6,0,112,0,54,0,153,0,53,0,22,0,40,0,403,0,12,0,81,0,98,0,28,0,28,0,9,0,14,0,130,0,19,0,23,0,102,0,3,0,9,0,20,0,118,0,1867,0
"2012M10",1,0,25,0,10,0,117,0,12,0,20,0,2,0,230,0,2,0,4,0,41,0,4,0,15,0,2,0,33,0,53,0,20,0,16,0,22,0,6,0,108,0,15,0,255,0,1186,0,10,0,93,0,52,0,118,0,52,0,18,0,40,0,377,0,19,0,88,0,94,0,21,0,18,0,13,0,18,0,118,0,11,0,14,0,78,0,10,0,7,0,19,0,90,0,1708,0
"2012M11",5,0,34,0,5,0,157,0,13,0,31,0,3,0,216,0,1,0,7,0,53,0,7,0,11,0,4,0,27,0,24,0,21,0,7,0,28,0,4,0,113,0,32,0,323,0,1260,0,3,0,103,0,44,0,141,0,61,0,20,0,52,0,426,0,15,0,125,0,88,0,22,0,21,0,8,0,9,0,87,0,16,0,18,0,65,0,8,0,3,0,29,0,98,0,1833,0
"2012M12",5,0,51,0,8,0,114,0,6,0,46,0,1,0,184,0,3,0,4,0,49,0,10,0,7,0,3,0,30,0,33,0,23,0,7,0,23,0,3,0,121,0,65,0,277,0,1211,0,5,0,76,0,37,0,97,0,43,0,42,0,27,0,273,0,6,0,37,0,82,0,14,0,12,0,9,0,15,0,65,0,16,0,14,0,58,0,6,0,6,0,28,0,75,0,1271,0
"2013M01",17,0,42,0,8,0,121,0,14,0,43,0,8,0,175,0,3,0,2,0,73,0,13,0,16,0,3,0,71,0,59,0,21,0,9,0,24,0,3,0,34,0,44,0,365,0,1371,0,8,0,126,0,48,0,129,0,42,0,26,0,57,0,357,0,9,0,83,0,96,0,26,0,7,0,21,0,11,0,67,0,20,0,12,0,106,0,10,0,6,0,34,0,94,0,1660,0
"2013M02",7,0,38,0,8,0,90,0,4,0,30,0,0,0,108,0,13,0,8,0,52,0,5,0,23,0,7,0,24,0,28,0,25,0,2,0,19,0,10,0,99,0,31,0,249,0,1036,0,3,0,132,0,37,0,99,0,58,0,21,0,56,0,371,0,2,0,109,0,131,0,25,0,16,0,22,0,12,0,92,0,21,0,11,0,79,0,6,0,15,0,26,0,98,0,1739,0
"2013M03",3,0,40,0,0,0,160,0,7,0,22,0,0,0,105,0,4,0,6,0,93,0,6,0,25,0,12,0,19,0,57,0,16,0,4,0,10,0,4,0,69,0,37,0,404,0,1224,0,5,0,129,0,27,0,155,0,39,0,28,0,41,0,262,0,8,0,71,0,135,0,33,0,18,0,18,0,24,0,79,0,23,0,17,0,74,0,8,0,8,0,28,0,119,0,1768,0
"2013M04",9,0,20,0,2,0,103,0,8,0,12,0,2,0,105,0,3,0,4,0,62,0,17,0,12,0,4,0,22,0,69,0,15,0,11,0,13,0,2,0,67,0,31,0,265,0,1050,0,7,0,111,0,34,0,119,0,24,0,16,0,29,0,273,0,10,0,60,0,102,0,40,0,28,0,8,0,10,0,97,0,9,0,11,0,71,0,1,0,5,0,28,0,88,0,1479,0
"2013M05",4,0,40,0,4,0,90,0,6,0,16,0,0,0,104,0,4,0,7,0,80,0,1,0,7,0,5,0,14,0,54,0,16,0,5,0,19,0,3,0,75,0,20,0,231,0,962,0,17,0,119,0,19,0,99,0,28,0,44,0,32,0,282,0,5,0,61,0,119,0,28,0,27,0,14,0,13,0,102,0,10,0,14,0,67,0,4,0,9,0,16,0,94,0,1446,0
"2013M06",6,0,45,0,3,0,133,0,1,0,12,0,3,0,105,0,5,0,5,0,35,0,6,0,9,0,7,0,29,0,54,0,31,0,2,0,32,0,7,0,39,0,15,0,251,0,974,0,19,0,100,0,42,0,76,0,32,0,36,0,32,0,272,0,15,0,79,0,140,0,47,0,36,0,18,0,16,0,97,0,21,0,18,0,108,0,7,0,11,0,32,0,80,0,1607,0
"2013M07",7,0,44,0,11,0,114,0,15,0,24,0,5,0,99,0,7,0,6,0,46,0,8,0,14,0,7,0,6,0,41,0,26,0,1,0,16,0,4,0,67,0,29,0,226,0,988,0,6,0,70,0,36,0,64,0,38,0,29,0,19,0,279,0,17,0,71,0,106,0,27,0,20,0,17,0,9,0,96,0,22,0,14,0,127,0,3,0,3,0,42,0,86,0,1412,0
"2013M08",14,0,26,0,12,0,139,0,3,0,21,0,0,0,175,0,7,0,7,0,50,0,9,0,6,0,9,0,8,0,38,0,10,0,6,0,34,0,3,0,66,0,25,0,253,0,1128,0,13,0,110,0,33,0,117,0,31,0,44,0,28,0,354,0,12,0,70,0,113,0,22,0,22,0,15,0,10,0,142,0,22,0,12,0,142,0,7,0,7,0,24,0,100,0,1796,0
"2013M09",2,0,41,0,8,0,136,0,16,0,29,0,3,0,224,0,2,0,15,0,40,0,0,0,19,0,7,0,25,0,35,0,23,0,24,0,20,0,11,0,80,0,24,0,254,0,1189,0,11,0,129,0,60,0,79,0,71,0,28,0,60,0,407,0,8,0,75,0,74,0,30,0,21,0,12,0,12,0,112,0,12,0,16,0,118,0,21,0,9,0,25,0,87,0,1843,0
"2013M10",1,0,32,0,3,0,136,0,13,0,27,0,7,0,174,0,5,0,6,0,33,0,13,0,9,0,14,0,27,0,25,0,7,0,8,0,19,0,1,0,56,0,37,0,330,0,1093,0,7,0,149,0,52,0,111,0,71,0,13,0,58,0,393,0,16,0,66,0,84,0,36,0,21,0,13,0,15,0,170,0,13,0,27,0,99,0,19,0,12,0,32,0,119,0,2013,0
"2013M11",7,0,38,0,5,0,153,0,6,0,18,0,0,0,203,0,7,0,6,0,57,0,5,0,20,0,12,0,37,0,40,0,16,0,3,0,11,0,3,0,71,0,44,0,290,0,1187,0,10,0,133,0,38,0,205,0,76,0,30,0,94,0,437,0,13,0,82,0,93,0,29,0,12,0,18,0,27,0,107,0,14,0,18,0,82,0,20,0,10,0,37,0,97,0,2064,0
"2013M12",10,0,59,0,6,0,153,0,22,0,31,0,1,0,192,0,5,0,3,0,51,0,3,0,16,0,12,0,28,0,47,0,24,0,5,0,20,0,4,0,126,0,62,0,256,0,1306,0,8,0,98,0,23,0,182,0,39,0,61,0,55,0,275,0,9,0,32,0,63,0,19,0,11,0,8,0,15,0,66,0,14,0,7,0,112,0,8,0,6,0,29,0,78,0,1490,0
"2014M01",10,0,54,0,12,0,111,0,20,0,29,0,1,0,173,0,8,0,6,0,63,0,14,0,13,0,21,0,40,0,50,0,22,0,36,0,37,0,6,0,31,0,55,0,283,0,1307,0,19,0,164,0,54,0,90,0,68,0,19,0,63,0,408,0,7,0,74,0,88,0,20,0,9,0,13,0,22,0,106,0,27,0,10,0,114,0,8,0,3,0,51,0,106,0,1805,0
"2014M02",7,0,51,0,6,0,151,0,7,0,12,0,6,0,104,0,3,0,2,0,53,0,8,0,12,0,5,0,22,0,39,0,28,0,4,0,23,0,6,0,149,0,53,0,284,0,1202,0,14,0,170,0,54,0,142,0,47,0,22,0,75,0,313,0,11,0,66,0,111,0,28,0,21,0,17,0,14,0,182,0,16,0,9,0,108,0,11,0,3,0,44,0,95,0,2000,0
"2014M03",9,0,45,0,4,0,174,0,4,0,17,0,4,0,132,0,6,0,8,0,93,0,4,0,22,0,10,0,16,0,34,0,22,0,3,0,17,0,13,0,91,0,35,0,403,0,1320,0,20,0,172,0,36,0,166,0,46,0,48,0,50,0,290,0,15,0,58,0,112,0,26,0,16,0,16,0,31,0,136,0,14,0,10,0,74,0,8,0,8,0,41,0,102,0,1979,0
"2014M04",3,0,48,0,3,0,138,0,2,0,21,0,0,0,108,0,5,0,5,0,70,0,16,0,11,0,7,0,65,0,67,0,16,0,7,0,11,0,7,0,72,0,21,0,206,0,1060,0,9,0,108,0,27,0,106,0,30,0,40,0,26,0,278,0,12,0,46,0,86,0,44,0,30,0,9,0,9,0,136,0,9,0,5,0,55,0,3,0,7,0,30,0,64,0,1519,0
"2014M05",6,0,41,0,8,0,157,0,1,0,12,0,0,0,72,0,2,0,2,0,62,0,3,0,7,0,3,0,17,0,61,0,16,0,5,0,15,0,3,0,120,0,41,0,213,0,1011,0,10,0,112,0,27,0,87,0,16,0,43,0,38,0,287,0,11,0,29,0,91,0,40,0,30,0,16,0,14,0,148,0,17,0,8,0,64,0,2,0,11,0,31,0,92,0,1518,0
"2014M06",4,0,42,0,16,0,185,0,4,0,21,0,3,0,101,0,5,0,10,0,93,0,3,0,20,0,8,0,51,0,45,0,23,0,4,0,16,0,3,0,142,0,41,0,230,0,1243,0,11,0,92,0,27,0,86,0,17,0,46,0,47,0,277,0,21,0,40,0,102,0,43,0,38,0,10,0,14,0,236,0,19,0,14,0,85,0,2,0,1,0,44,0,101,0,1630,0
"2014M07",9,0,55,0,11,0,129,0,4,0,25,0,4,0,96,0,8,0,1,0,55,0,5,0,13,0,3,0,17,0,28,0,32,0,5,0,33,0,6,0,78,0,31,0,171,0,968,0,11,0,80,0,24,0,88,0,32,0,44,0,30,0,218,0,4,0,42,0,98,0,31,0,25,0,14,0,7,0,216,0,24,0,7,0,84,0,5,0,13,0,35,0,101,0,1494,0
"2014M08",7,0,32,0,6,0,207,0,13,0,21,0,3,0,134,0,7,0,4,0,73,0,5,0,9,0,4,0,16,0,61,0,18,0,4,0,28,0,0,0,140,0,39,0,261,0,1347,0,14,0,108,0,26,0,139,0,55,0,49,0,29,0,350,0,12,0,34,0,142,0,38,0,19,0,19,0,16,0,253,0,26,0,16,0,79,0,6,0,13,0,52,0,103,0,1915,0
"2014M09",19,0,40,0,9,0,178,0,8,0,31,0,5,0,178,0,4,0,4,0,57,0,2,0,17,0,11,0,12,0,47,0,17,0,4,0,20,0,8,0,33,0,46,0,253,0,1205,0,10,0,146,0,58,0,188,0,81,0,36,0,76,0,441,0,28,0,57,0,95,0,38,0,24,0,11,0,15,0,147,0,26,0,16,0,119,0,15,0,9,0,54,0,91,0,2213,0
"2014M10",7,0,44,0,11,0,170,0,11,0,24,0,3,0,184,0,8,0,6,0,62,0,4,0,14,0,20,0,25,0,48,0,14,0,6,0,18,0,7,0,100,0,26,0,245,0,1331,0,14,0,130,0,49,0,210,0,75,0,36,0,95,0,431,0,15,0,57,0,77,0,30,0,31,0,9,0,16,0,168,0,22,0,21,0,78,0,34,0,12,0,37,0,98,0,2266,0
"2014M11",13,0,47,0,14,0,153,0,6,0,12,0,8,0,201,0,6,0,3,0,72,0,8,0,15,0,16,0,27,0,63,0,26,0,9,0,19,0,7,0,160,0,44,0,243,0,1338,0,12,0,149,0,59,0,165,0,80,0,27,0,111,0,368,0,15,0,51,0,79,0,37,0,32,0,16,0,21,0,166,0,18,0,15,0,79,0,22,0,10,0,61,0,107,0,2171,0
"2014M12",6,0,61,0,8,0,166,0,11,0,34,0,3,0,185,0,4,0,3,0,47,0,8,0,15,0,10,0,26,0,29,0,25,0,4,0,17,0,0,0,131,0,41,0,173,0,1179,0,8,0,122,0,31,0,103,0,38,0,42,0,86,0,251,0,18,0,23,0,91,0,28,0,4,0,8,0,27,0,106,0,11,0,14,0,75,0,4,0,17,0,40,0,81,0,1516,0
"2015M01",21,0,60,0,10,0,153,0,10,0,30,0,0,0,142,0,13,0,5,0,81,0,6,0,15,0,16,0,55,0,74,0,55,0,29,0,18,0,2,0,65,0,33,0,265,0,1354,0,14,0,237,0,52,0,114,0,62,0,32,0,106,0,454,0,13,0,63,0,111,0,34,0,17,0,7,0,33,0,129,0,27,0,23,0,125,0,6,0,3,0,61,0,95,0,2115,0
"2015M02",12,0,50,0,4,0,79,0,6,0,31,0,2,0,109,0,3,0,2,0,51,0,2,0,20,0,13,0,20,0,61,0,30,0,6,0,23,0,3,0,198,0,42,0,202,0,1133,0,19,0,166,0,37,0,124,0,55,0,46,0,73,0,308,0,6,0,50,0,140,0,39,0,12,0,17,0,18,0,121,0,20,0,14,0,80,0,8,0,12,0,51,0,79,0,1868,0
"2015M03",10,0,51,0,2,0,225,0,3,0,20,0,0,0,96,0,3,0,2,0,68,0,9,0,18,0,4,0,19,0,52,0,43,0,36,0,12,0,5,0,109,0,46,0,242,0,1289,0,15,0,172,0,50,0,206,0,42,0,50,0,66,0,311,0,24,0,49,0,133,0,46,0,23,0,21,0,21,0,245,0,21,0,21,0,64,0,19,0,10,0,60,0,103,0,2230,0
"2015M04",11,0,41,0,11,0,179,0,5,0,17,0,0,0,83,0,15,0,0,0,78,0,16,0,10,0,2,0,22,0,58,0,35,0,4,0,14,0,7,0,58,0,44,0,150,0,1012,0,8,0,135,0,43,0,84,0,48,0,25,0,43,0,280,0,11,0,32,0,124,0,52,0,36,0,12,0,20,0,172,0,29,0,20,0,64,0,7,0,14,0,69,0,83,0,1741,0
"2015M05",8,0,45,0,7,0,183,0,7,0,12,0,1,0,73,0,8,0,1,0,54,0,1,0,13,0,10,0,18,0,74,0,44,0,49,0,21,0,3,0,127,0,23,0,209,0,1235,0,10,0,141,0,41,0,108,0,31,0,42,0,51,0,290,0,13,0,29,0,112,0,48,0,28,0,15,0,12,0,190,0,27,0,22,0,63,0,6,0,2,0,47,0,105,0,1782,0
"2015M06",8,0,47,0,3,0,190,0,3,0,21,0,2,0,91,0,3,0,1,0,64,0,4,0,18,0,1,0,18,0,78,0,42,0,10,0,26,0,9,0,133,0,37,0,202,0,1201,0,11,0,105,0,37,0,130,0,25,0,48,0,34,0,265,0,21,0,34,0,97,0,52,0,49,0,19,0,11,0,223,0,30,0,15,0,100,0,9,0,9,0,57,0,80,0,1769,0
"2015M07",20,0,54,0,5,0,106,0,5,0,19,0,2,0,98,0,6,0,4,0,60,0,7,0,10,0,10,0,44,0,43,0,21,0,45,0,20,0,1,0,44,0,58,0,142,0,996,0,12,0,99,0,48,0,84,0,35,0,34,0,29,0,225,0,9,0,47,0,140,0,46,0,30,0,33,0,9,0,273,0,27,0,13,0,91,0,4,0,9,0,93,0,92,0,1715,0
"2015M08",6,0,49,0,5,0,205,0,5,0,22,0,0,0,113,0,5,0,1,0,73,0,6,0,22,0,12,0,51,0,74,0,33,0,8,0,17,0,6,0,121,0,34,0,244,0,1340,0,16,0,122,0,43,0,241,0,52,0,44,0,22,0,308,0,6,0,44,0,156,0,34,0,19,0,27,0,11,0,255,0,36,0,28,0,121,0,11,0,6,0,72,0,117,0,2165,0
"2015M09",8,0,45,0,8,0,174,0,16,0,29,0,3,0,176,0,4,0,3,0,63,0,6,0,11,0,11,0,15,0,62,0,22,0,29,0,28,0,1,0,99,0,20,0,248,0,1270,0,23,0,153,0,76,0,161,0,69,0,54,0,99,0,430,0,19,0,69,0,134,0,44,0,39,0,19,0,18,0,222,0,28,0,28,0,143,0,18,0,7,0,94,0,102,0,2531,0
"2015M10",15,0,36,0,7,0,215,0,8,0,34,0,6,0,160,0,14,0,1,0,50,0,6,0,26,0,7,0,37,0,60,0,15,0,10,0,16,0,15,0,110,0,23,0,298,0,1399,0,19,0,158,0,70,0,192,0,102,0,28,0,115,0,443,0,22,0,45,0,132,0,56,0,27,0,12,0,25,0,150,0,28,0,25,0,131,0,32,0,5,0,94,0,113,0,2606,0
"2015M11",6,0,48,0,17,0,207,0,12,0,72,0,4,0,171,0,12,0,1,0,66,0,8,0,16,0,16,0,29,0,47,0,40,0,7,0,19,0,3,0,143,0,33,0,205,0,1314,0,18,0,171,0,93,0,186,0,86,0,42,0,132,0,473,0,26,0,50,0,104,0,34,0,37,0,13,0,29,0,179,0,33,0,22,0,104,0,19,0,7,0,84,0,112,0,2568,0
"2015M12",5,0,68,0,9,0,213,0,8,0,80,0,0,0,146,0,14,0,5,0,59,0,5,0,12,0,7,0,30,0,79,0,18,0,7,0,30,0,8,0,183,0,49,0,230,0,1439,0,19,0,143,0,62,0,137,0,68,0,30,0,75,0,327,0,16,0,20,0,80,0,32,0,14,0,12,0,18,0,139,0,16,0,17,0,88,0,12,0,14,0,81,0,88,0,1836,0
"2016M01",18,0,77,0,21,0,186,0,13,0,73,0,5,0,135,0,9,0,8,0,65,0,4,0,14,0,23,0,68,0,50,0,40,0,19,0,25,0,9,0,77,0,49,0,168,0,1413,0,19,0,201,0,86,0,106,0,86,0,48,0,137,0,498,0,15,0,58,0,90,0,42,0,18,0,14,0,30,0,104,0,35,0,17,0,129,0,8,0,11,0,117,0,80,0,2281,0
"2016M02",8,0,46,0,10,0,174,0,12,0,53,0,0,0,93,0,15,0,3,0,96,0,4,0,21,0,27,0,37,0,61,0,46,0,11,0,22,0,7,0,192,0,55,0,246,0,1486,0,10,0,176,0,81,0,143,0,89,0,53,0,80,0,337,0,9,0,46,0,121,0,27,0,25,0,27,0,22,0,193,0,36,0,28,0,86,0,14,0,6,0,118,0,86,0,2256,0
"2016M03",27,0,42,0,1,0,274,0,8,0,29,0,5,0,97,0,9,0,3,0,120,0,11,0,18,0,8,0,30,0,97,0,45,0,24,0,9,0,10,0,131,0,39,0,270,0,1621,0,16,0,163,0,58,0,142,0,43,0,46,0,82,0,306,0,20,0,27,0,95,0,31,0,24,0,16,0,23,0,171,0,12,0,27,0,94,0,15,0,8,0,97,0,92,0,2119,0
"2016M04",17,0,40,0,5,0,162,0,7,0,69,0,2,0,78,0,6,0,3,0,103,0,32,0,15,0,18,0,25,0,90,0,29,0,25,0,17,0,6,0,108,0,48,0,160,0,1284,0,19,0,143,0,54,0,102,0,25,0,43,0,43,0,276,0,22,0,23,0,101,0,62,0,22,0,10,0,26,0,137,0,31,0,27,0,65,0,14,0,16,0,149,0,100,0,1874,0
"2016M05",16,0,48,0,4,0,212,0,4,0,42,0,1,0,59,0,12,0,1,0,85,0,7,0,10,0,15,0,47,0,121,0,18,0,14,0,25,0,5,0,141,0,34,0,267,0,1340,0,17,0,95,0,37,0,133,0,42,0,63,0,49,0,286,0,7,0,31,0,94,0,57,0,29,0,16,0,16,0,193,0,30,0,25,0,62,0,6,0,10,0,138,0,95,0,1832,0
"2016M06",10,0,40,0,1,0,206,0,1,0,31,0,2,0,78,0,8,0,4,0,91,0,3,0,15,0,10,0,29,0,92,0,52,0,4,0,22,0,5,0,128,0,40,0,224,0,1310,0,22,0,101,0,49,0,161,0,22,0,50,0,40,0,260,0,17,0,18,0,87,0,44,0,48,0,22,0,15,0,156,0,18,0,26,0,85,0,6,0,4,0,142,0,86,0,1800,0
"2016M07",14,0,38,0,9,0,219,0,5,0,29,0,2,0,86,0,13,0,2,0,94,0,3,0,13,0,6,0,43,0,78,0,46,0,19,0,20,0,5,0,63,0,55,0,233,0,1340,0,18,0,89,0,43,0,182,0,37,0,52,0,32,0,231,0,5,0,34,0,102,0,29,0,50,0,14,0,14,0,192,0,27,0,21,0,97,0,8,0,9,0,170,0,81,0,1804,0
"2016M08",33,0,48,0,11,0,265,0,13,0,20,0,2,0,114,0,17,0,1,0,121,0,2,0,17,0,15,0,39,0,85,0,38,0,46,0,19,0,5,0,60,0,38,0,140,0,1396,0,22,0,94,0,49,0,203,0,55,0,45,0,33,0,326,0,15,0,31,0,101,0,40,0,60,0,7,0,10,0,255,0,24,0,17,0,87,0,13,0,7,0,165,0,88,0,2083,0
"2016M09",18,0,30,0,18,0,271,0,9,0,26,0,9,0,158,0,20,0,10,0,94,0,11,0,13,0,22,0,24,0,68,0,20,0,3,0,37,0,16,0,125,0,34,0,205,0,1504,0,25,0,147,0,102,0,178,0,97,0,49,0,83,0,477,0,19,0,50,0,88,0,52,0,55,0,19,0,25,0,215,0,29,0,25,0,114,0,20,0,11,0,186,0,71,0,2672,0
"2016M10",15,0,31,0,15,0,302,0,19,0,23,0,1,0,156,0,13,0,1,0,78,0,7,0,18,0,11,0,45,0,89,0,32,0,27,0,33,0,9,0,86,0,65,0,221,0,1584,0,18,0,164,0,68,0,156,0,88,0,57,0,97,0,471,0,27,0,57,0,99,0,54,0,26,0,21,0,31,0,246,0,38,0,23,0,109,0,23,0,11,0,183,0,90,0,2756,0
"2016M11",14,0,41,0,12,0,264,0,11,0,33,0,3,0,173,0,11,0,1,0,111,0,8,0,27,0,14,0,26,0,61,0,42,0,7,0,23,0,11,0,103,0,49,0,244,0,1450,0,16,0,176,0,93,0,147,0,109,0,52,0,126,0,504,0,25,0,62,0,105,0,51,0,51,0,16,0,29,0,152,0,25,0,27,0,98,0,26,0,15,0,159,0,90,0,2634,0
"2016M12",29,0,57,0,9,0,225,0,16,0,76,0,8,0,113,0,10,0,2,0,75,0,6,0,36,0,16,0,42,0,93,0,26,0,5,0,28,0,1,0,150,0,67,0,160,0,1433,0,18,0,130,0,39,0,107,0,68,0,59,0,85,0,368,0,9,0,28,0,72,0,28,0,37,0,17,0,18,0,131,0,29,0,24,0,97,0,11,0,19,0,187,0,70,0,2000,0
"2017M01",26,0,56,0,2,0,212,0,17,0,39,0,0,0,127,0,17,0,3,0,71,0,10,0,34,0,15,0,65,0,103,0,63,0,13,0,15,0,3,0,67,0,82,0,172,0,1528,0,22,0,224,0,89,0,116,0,115,0,55,0,94,0,631,0,9,0,60,0,88,0,36,0,34,0,16,0,32,0,191,0,33,0,18,0,132,0,14,0,21,0,218,0,71,0,2675,0
"2017M02",12,0,32,0,2,0,254,0,8,0,39,0,3,0,112,0,16,0,2,0,99,0,7,0,27,0,11,0,29,0,86,0,55,0,4,0,22,0,8,0,177,0,57,0,201,0,1452,0,22,0,190,0,82,0,205,0,91,0,51,0,92,0,432,0,23,0,37,0,110,0,39,0,40,0,18,0,12,0,218,0,43,0,23,0,110,0,17,0,10,0,159,0,69,0,2560,0
"2017M03",18,0,35,0,7,0,177,0,7,0,30,0,0,0,70,0,6,0,1,0,76,0,4,0,22,0,10,0,52,0,85,0,46,0,34,0,13,0,21,0,223,0,52,0,228,0,1438,0,22,0,155,0,61,0,189,0,60,0,56,0,88,0,368,0,20,0,33,0,109,0,42,0,38,0,19,0,19,0,206,0,51,0,18,0,71,0,15,0,6,0,155,0,99,0,2512,0
"2017M04",17,0,35,0,8,0,157,0,6,0,43,0,3,0,67,0,14,0,0,0,124,0,10,0,12,0,21,0,16,0,112,0,35,0,3,0,20,0,4,0,120,0,46,0,129,0,1151,0,26,0,114,0,50,0,127,0,32,0,60,0,47,0,295,0,31,0,28,0,89,0,56,0,19,0,8,0,23,0,225,0,31,0,18,0,54,0,12,0,3,0,162,0,52,0,1949,0
"2017M05",17,0,23,0,3,0,175,0,2,0,20,0,0,0,42,0,12,0,2,0,104,0,7,0,13,0,19,0,36,0,115,0,37,0,52,0,17,0,5,0,152,0,36,0,160,0,1311,0,14,0,151,0,73,0,119,0,39,0,37,0,44,0,305,0,4,0,34,0,79,0,49,0,40,0,20,0,26,0,276,0,34,0,16,0,100,0,13,0,5,0,149,0,69,0,2034,0
"2017M06",16,0,33,0,1,0,277,0,10,0,20,0,2,0,60,0,10,0,5,0,70,0,6,0,14,0,17,0,21,0,95,0,25,0,20,0,23,0,2,0,174,0,47,0,186,0,1309,0,22,0,141,0,39,0,181,0,36,0,51,0,33,0,270,0,14,0,18,0,97,0,47,0,57,0,36,0,16,0,275,0,38,0,18,0,108,0,12,0,6,0,196,0,95,0,2150,0
"2017M07",24,0,34,0,4,0,204,0,6,0,18,0,2,0,67,0,16,0,0,0,67,0,5,0,18,0,13,0,44,0,102,0,37,0,4,0,25,0,6,0,104,0,39,0,154,0,1268,0,20,0,95,0,46,0,147,0,34,0,55,0,29,0,283,0,14,0,22,0,112,0,36,0,43,0,31,0,16,0,291,0,32,0,15,0,144,0,13,0,9,0,194,0,69,0,2083,0
"2017M08",23,0,36,0,5,0,203,0,4,0,15,0,2,0,82,0,6,0,1,0,69,0,9,0,19,0,12,0,48,0,75,0,35,0,9,0,32,0,10,0,176,0,49,0,167,0,1345,0,37,0,100,0,67,0,230,0,49,0,80,0,35,0,342,0,6,0,36,0,117,0,46,0,40,0,28,0,14,0,288,0,39,0,27,0,148,0,22,0,4,0,213,0,97,0,2451,0
"2017M09",9,0,35,0,11,0,185,0,6,0,19,0,7,0,104,0,4,0,8,0,44,0,4,0,15,0,8,0,24,0,70,0,16,0,29,0,30,0,7,0,138,0,34,0,193,0,1184,0,50,0,147,0,93,0,181,0,78,0,54,0,100,0,492,0,14,0,55,0,112,0,48,0,42,0,31,0,26,0,245,0,24,0,12,0,137,0,17,0,8,0,197,0,84,0,2832,0
"2017M10",21,0,44,0,17,0,161,0,5,0,23,0,6,0,97,0,6,0,9,0,58,0,4,0,10,0,16,0,26,0,45,0,10,0,36,0,27,0,11,0,111,0,39,0,180,0,1244,0,29,0,175,0,102,0,215,0,105,0,42,0,107,0,525,0,14,0,33,0,107,0,37,0,44,0,30,0,41,0,275,0,33,0,20,0,116,0,29,0,18,0,239,0,103,0,2950,0
"2017M11",17,0,32,0,7,0,208,0,8,0,35,0,6,0,98,0,12,0,5,0,53,0,6,0,22,0,12,0,32,0,35,0,29,0,8,0,25,0,11,0,162,0,33,0,180,0,1169,0,27,0,170,0,101,0,183,0,103,0,50,0,138,0,587,0,25,0,48,0,113,0,40,0,39,0,32,0,21,0,298,0,29,0,15,0,134,0,21,0,26,0,164,0,115,0,3013,0
"2017M12",7,0,46,0,6,0,177,0,11,0,47,0,5,0,79,0,7,0,7,0,56,0,19,0,14,0,17,0,37,0,54,0,30,0,5,0,16,0,6,0,167,0,60,0,162,0,1202,0,20,0,102,0,54,0,129,0,59,0,35,0,80,0,313,0,12,0,29,0,82,0,29,0,43,0,20,0,25,0,155,0,17,0,20,0,91,0,10,0,15,0,212,0,65,0,1974,0
"2018M01",50,0,45,0,5,0,177,0,12,0,53,0,3,0,87,0,13,0,2,0,73,0,6,0,14,0,14,0,64,0,67,0,27,0,33,0,39,0,9,0,131,0,80,0,211,0,1504,0,33,0,191,0,115,0,213,0,99,0,37,0,126,0,561,0,11,0,49,0,93,0,36,0,41,0,35,0,25,0,319,0,53,0,20,0,145,0,14,0,11,0,229,0,129,0,3069,0
"2018M02",12,0,20,0,6,0,93,0,9,0,36,0,1,0,56,0,20,0,3,0,36,0,9,0,20,0,14,0,18,0,37,0,30,0,5,0,14,0,1,0,154,0,28,0,139,0,933,0,25,0,148,0,90,0,133,0,66,0,36,0,99,0,357,0,10,0,36,0,144,0,45,0,46,0,25,0,45,0,259,0,45,0,18,0,115,0,21,0,6,0,181,0,87,0,2478,0
"2018M03",10,0,38,0,2,0,205,0,3,0,35,0,1,0,44,0,10,0,0,0,83,0,2,0,19,0,17,0,41,0,37,0,14,0,17,0,11,0,6,0,153,0,25,0,135,0,1203,0,27,0,167,0,74,0,242,0,73,0,43,0,65,0,331,0,14,0,29,0,109,0,47,0,62,0,43,0,24,0,231,0,47,0,16,0,93,0,30,0,16,0,176,0,107,0,2711,0
"2018M04",1,0,19,0,4,0,106,0,6,0,41,0,2,0,45,0,4,0,5,0,90,0,14,0,11,0,5,0,22,0,62,0,19,0,17,0,15,0,2,0,114,0,31,0,135,0,908,0,27,0,102,0,44,0,152,0,34,0,41,0,52,0,252,0,35,0,34,0,88,0,61,0,35,0,26,0,16,0,212,0,37,0,11,0,84,0,15,0,6,0,196,0,86,0,2083,0
"2018M05",10,0,27,0,2,0,151,0,3,0,36,0,0,0,30,0,5,0,0,0,87,0,6,0,14,0,12,0,33,0,54,0,9,0,11,0,14,0,2,0,205,0,31,0,190,0,1167,0,36,0,133,0,56,0,202,0,31,0,47,0,56,0,321,0,8,0,35,0,101,0,47,0,76,0,29,0,20,0,261,0,45,0,17,0,73,0,15,0,3,0,162,0,110,0,2238,0
"2018M06",9,0,33,0,6,0,149,0,3,0,15,0,2,0,37,0,8,0,0,0,58,0,6,0,19,0,9,0,28,0,55,0,22,0,5,0,27,0,10,0,132,0,21,0,173,0,956,0,29,0,119,0,51,0,233,0,31,0,58,0,33,0,253,0,8,0,34,0,128,0,43,0,53,0,15,0,15,0,289,0,50,0,22,0,96,0,11,0,15,0,176,0,87,0,2219,0
"2018M07",22,0,33,0,3,0,156,0,2,0,12,0,0,0,46,0,19,0,4,0,67,0,7,0,13,0,5,0,55,0,48,0,21,0,7,0,20,0,4,0,104,0,29,0,144,0,998,0,39,0,100,0,54,0,216,0,37,0,48,0,13,0,225,0,15,0,53,0,138,0,44,0,38,0,31,0,12,0,266,0,41,0,22,0,121,0,15,0,2,0,274,0,128,0,2337,0
"2018M08",10,0,27,0,17,0,147,0,2,0,9,0,1,0,94,0,16,0,8,0,52,0,2,0,9,0,5,0,55,0,40,0,12,0,24,0,23,0,9,0,157,0,26,0,191,0,1170,0,40,0,119,0,56,0,327,0,59,0,70,0,35,0,361,0,19,0,57,0,144,0,45,0,40,0,42,0,20,0,317,0,49,0,23,0,131,0,23,0,8,0,284,0,140,0,2923,0
"2018M09",19,0,41,0,17,0,167,0,10,0,15,0,7,0,110,0,7,0,2,0,36,0,5,0,20,0,5,0,14,0,28,0,17,0,7,0,29,0,8,0,106,0,12,0,173,0,1005,0,31,0,172,0,88,0,337,0,73,0,50,0,105,0,471,0,19,0,53,0,138,0,55,0,37,0,37,0,31,0,265,0,40,0,20,0,124,0,14,0,13,0,268,0,125,0,3243,0
"2018M10",14,0,39,0,7,0,149,0,12,0,13,0,5,0,119,0,7,0,2,0,47,0,1,0,20,0,11,0,46,0,30,0,6,0,27,0,27,0,4,0,123,0,27,0,242,0,1171,0,32,0,172,0,102,0,244,0,106,0,57,0,100,0,484,0,21,0,49,0,86,0,46,0,52,0,21,0,21,0,292,0,48,0,15,0,111,0,21,0,27,0,278,0,126,0,3104,0
"2018M11",7,0,45,0,17,0,173,0,6,0,35,0,5,0,95,0,5,0,4,0,77,0,8,0,16,0,5,0,27,0,42,0,16,0,4,0,22,0,7,0,142,0,20,0,143,0,1055,0,40,0,171,0,138,0,186,0,68,0,62,0,122,0,517,0,15,0,54,0,97,0,62,0,50,0,23,0,26,0,262,0,40,0,13,0,124,0,21,0,44,0,224,0,261,0,3168,0
"2018M12",16,0,48,0,7,0,168,0,12,0,58,0,2,0,116,0,13,0,5,0,47,0,11,0,16,0,11,0,27,0,39,0,26,0,34,0,27,0,12,0,184,0,32,0,135,0,1198,0,20,0,138,0,59,0,133,0,61,0,54,0,68,0,322,0,18,0,33,0,81,0,41,0,35,0,11,0,21,0,178,0,31,0,14,0,88,0,16,0,8,0,346,0,151,0,2294,0
"2019M01",16,0,57,0,15,0,191,0,13,0,45,0,2,0,106,0,12,0,5,0,47,0,9,0,13,0,13,0,77,0,45,0,24,0,38,0,38,0,10,0,94,0,43,0,162,0,1302,0,46,0,194,0,109,0,131,0,97,0,67,0,131,0,531,0,19,0,56,0,107,0,44,0,43,0,28,0,29,0,262,0,49,0,6,0,155,0,15,0,12,0,522,0,211,0,3284,0
"2019M02",19,0,32,0,4,0,144,0,5,0,39,0,3,0,54,0,13,0,2,0,42,0,9,0,24,0,17,0,37,0,22,0,9,0,9,0,22,0,3,0,157,0,25,0,147,0,960,0,39,0,187,0,88,0,142,0,45,0,62,0,80,0,349,0,15,0,26,0,99,0,41,0,44,0,21,0,19,0,409,0,44,0,14,0,95,0,28,0,23,0,372,0,212,0,2963,0
"2019M03",9,0,41,0,3,0,226,0,5,0,40,0,0,0,44,0,8,0,1,0,66,0,9,0,13,0,13,0,32,0,23,0,23,0,33,0,27,0,4,0,206,0,24,0,135,0,1235,0,31,0,160,0,47,0,191,0,38,0,64,0,99,0,322,0,25,0,29,0,93,0,57,0,56,0,15,0,17,0,289,0,23,0,4,0,110,0,26,0,11,0,305,0,201,0,2882,0
"2019M04",18,0,37,0,8,0,152,0,4,0,20,0,0,0,30,0,3,0,1,0,54,0,20,0,10,0,9,0,16,0,44,0,9,0,4,0,16,0,4,0,75,0,18,0,139,0,798,0,33,0,146,0,58,0,99,0,41,0,61,0,73,0,232,0,31,0,27,0,75,0,66,0,44,0,16,0,20,0,234,0,23,0,7,0,59,0,22,0,17,0,288,0,149,0,2224,0
"2019M05",7,0,39,0,2,0,196,0,4,0,31,0,4,0,46,0,14,0,0,0,71,0,7,0,16,0,2,0,42,0,47,0,7,0,15,0,16,0,6,0,88,0,24,0,212,0,1075,0,27,0,173,0,87,0,155,0,45,0,80,0,89,0,292,0,16,0,32,0,74,0,77,0,116,0,34,0,16,0,435,0,49,0,8,0,88,0,19,0,19,0,297,0,186,0,2884,0
"2019M06",13,0,60,0,9,0,231,0,8,0,29,0,3,0,47,0,14,0,2,0,58,0,8,0,13,0,8,0,44,0,44,0,16,0,13,0,33,0,2,0,147,0,22,0,184,0,1211,0,28,0,194,0,58,0,137,0,45,0,77,0,82,0,286,0,19,0,41,0,100,0,91,0,83,0,23,0,23,0,350,0,31,0,15,0,126,0,18,0,9,0,397,0,196,0,2938,0
"2019M07",16,0,42,0,11,0,188,0,6,0,12,0,0,0,37,0,10,0,2,0,50,0,5,0,16,0,3,0,27,0,42,0,17,0,16,0,60,0,6,0,153,0,41,0,130,0,1064,0,46,0,148,0,45,0,136,0,57,0,79,0,56,0,233,0,13,0,43,0,114,0,60,0,59,0,34,0,19,0,249,0,39,0,22,0,129,0,15,0,8,0,432,0,193,0,2610,0
"2019M08",9,0,48,0,17,0,250,0,11,0,13,0,1,0,83,0,16,0,4,0,97,0,12,0,7,0,10,0,51,0,37,0,12,0,13,0,25,0,7,0,162,0,19,0,176,0,1286,0,69,0,177,0,62,0,212,0,86,0,79,0,57,0,389,0,15,0,39,0,166,0,64,0,52,0,74,0,40,0,386,0,58,0,22,0,167,0,30,0,4,0,492,0,260,0,3618,0
"2019M09",15,0,44,0,6,0,273,0,10,0,39,0,5,0,117,0,12,0,3,0,66,0,11,0,13,0,6,0,41,0,33,0,11,0,5,0,30,0,4,0,153,0,23,0,195,0,1329,0,38,0,202,0,104,0,159,0,113,0,89,0,158,0,510,0,18,0,73,0,135,0,68,0,53,0,47,0,78,0,349,0,57,0,30,0,171,0,30,0,5,0,478,0,247,0,4032,0
"2019M10",8,0,61,0,20,0,282,0,9,0,15,0,9,0,122,0,18,0,8,0,80,0,5,0,15,0,4,0,44,0,39,0,15,0,37,0,50,0,13,0,49,0,22,0,182,0,1357,0,54,0,254,0,127,0,181,0,138,0,51,0,210,0,604,0,33,0,88,0,119,0,92,0,53,0,40,0,63,0,325,0,71,0,29,0,167,0,34,0,68,0,490,0,278,0,4431,0
"2019M11",16,0,58,0,10,0,324,0,19,0,32,0,6,0,168,0,9,0,2,0,109,0,13,0,16,0,2,0,31,0,26,0,22,0,8,0,48,0,7,0,96,0,41,0,183,0,1417,0,50,0,264,0,150,0,230,0,126,0,47,0,280,0,618,0,22,0,90,0,140,0,95,0,55,0,49,0,69,0,338,0,52,0,28,0,149,0,18,0,47,0,403,0,332,0,4448,0
"2019M12",6,0,61,0,9,0,291,0,8,0,26,0,5,0,116,0,24,0,5,0,93,0,20,0,22,0,7,0,47,0,55,0,22,0,9,0,63,0,9,0,205,0,29,0,113,0,1465,0,44,0,226,0,108,0,200,0,106,0,77,0,194,0,425,0,17,0,48,0,187,0,84,0,49,0,35,0,75,0,194,0,54,0,24,0,177,0,23,0,8,0,453,0,83,0,3428,0
"2020M01",23,0,63,0,19,0,268,0,11,0,35,0,3,0,123,0,25,0,6,0,72,0,10,0,25,0,3,0,58,0,27,0,20,0,67,0,46,0,1,0,126,0,48,0,72,0,1423,0,51,0,317,0,168,0,138,0,172,0,97,0,282,0,681,0,24,0,93,0,165,0,77,0,45,0,38,0,112,0,242,0,77,0,14,0,270,0,13,0,16,0,733,0,116,0,4666,0
"2020M02",19,0,44,0,9,0,244,0,11,0,44,0,1,0,54,0,24,0,2,0,97,0,8,0,30,0,12,0,56,0,52,0,21,0,5,0,37,0,15,0,195,0,43,0,73,0,1244,0,36,0,332,0,117,0,27,0,183,0,82,0,299,0,549,0,36,0,56,0,229,0,91,0,112,0,48,0,39,0,408,0,55,0,26,0,152,0,49,0,13,0,427,0,114,0,4336,0
"2020M03",4,0,42,0,11,0,130,0,9,0,30,0,3,0,67,0,13,0,5,0,79,0,25,0,18,0,9,0,25,0,30,0,5,0,36,0,52,0,4,0,115,0,29,0,88,0,1027,0,26,0,197,0,56,0,22,0,114,0,37,0,193,0,314,0,37,0,29,0,191,0,65,0,71,0,28,0,66,0,174,0,43,0,19,0,95,0,21,0,8,0,263,0,66,0,2813,0
"2020M04",0,0,2,0,0,0,14,0,0,0,2,0,1,0,8,0,2,0,0,0,11,0,0,0,2,0,0,0,4,0,4,0,1,0,3,0,4,0,0,0,2,0,0,0,12,0,88,0,1,0,3,0,0,0,0,0,1,0,0,0,0,0,8,0,11,0,0,0,0,0,0,0,0,0,0,0,13,0,0,0,0,0,0,0,3,0,0,0,0,0,0,0,2,0,82,0
"2020M05",2,0,6,0,0,0,69,0,0,0,1,0,0,0,2,0,2,0,0,0,0,0,0,0,2,0,0,0,2,0,7,0,1,0,1,0,10,0,0,0,5,0,2,0,6,0,135,0,0,0,3,0,2,0,6,0,0,0,0,0,0,0,7,0,0,0,0,0,0,0,0,0,1,0,0,0,0,0,3,0,2,0,0,0,20,0,0,0,0,0,6,0,0,0,51,0
"2020M06",1,0,4,0,8,0,120,0,2,0,0,0,2,0,19,0,7,0,1,0,75,0,1,0,10,0,0,0,1,0,0,0,7,0,2,0,30,0,0,0,2,0,2,0,11,0,339,0,0,0,1,0,5,0,9,0,7,0,2,0,0,0,23,0,1,0,0,0,15,0,0,0,0,0,0,0,1,0,0,0,6,0,0,0,21,0,1,0,0,0,31,0,2,0,131,0
"2020M07",23,0,17,0,5,0,107,0,6,0,9,0,3,0,51,0,9,0,3,0,14,0,7,0,15,0,0,0,18,0,15,0,16,0,5,0,36,0,0,0,2,0,0,0,27,0,440,0,2,0,5,0,2,0,1,0,0,0,0,0,0,0,30,0,0,0,1,0,5,0,0,0,1,0,1,0,1,0,9,0,7,0,0,0,14,0,0,0,1,0,2,0,3,0,103,0
"2020M08",4,0,21,0,5,0,186,0,7,0,13,0,0,0,73,0,8,0,0,0,31,0,9,0,17,0,0,0,12,0,38,0,9,0,8,0,35,0,3,0,2,0,3,0,7,0,584,0,3,0,5,0,4,0,8,0,1,0,2,0,0,0,30,0,5,0,8,0,11,0,1,0,1,0,1,0,0,0,2,0,16,0,1,0,26,0,0,0,0,0,8,0,0,0,150,0
"2020M09",5,0,17,0,15,0,72,0,6,0,11,0,2,0,71,0,15,0,1,0,68,0,3,0,8,0,4,0,13,0,24,0,14,0,15,0,33,0,3,0,8,0,25,0,18,0,526,0,4,0,4,0,5,0,7,0,4,0,3,0,8,0,36,0,0,0,1,0,5,0,1,0,2,0,0,0,0,0,1,0,9,0,0,0,7,0,1,0,0,0,59,0,5,0,242,0
"2020M10",8,0,22,0,10,0,130,0,7,0,17,0,9,0,67,0,5,0,3,0,84,0,6,0,12,0,7,0,22,0,57,0,11,0,11,0,33,0,4,0,41,0,20,0,20,0,730,0,17,0,4,0,8,0,3,0,5,0,0,0,3,0,29,0,2,0,0,0,3,0,0,0,1,0,0,0,0,0,6,0,6,0,0,0,8,0,0,0,1,0,22,0,7,0,167,0
"2020M11",4,0,9,0,8,0,126,0,9,0,7,0,2,0,83,0,11,0,5,0,9,0,3,0,8,0,3,0,8,0,65,0,6,0,2,0,32,0,2,0,6,0,16,0,14,0,545,0,2,0,4,0,4,0,5,0,4,0,1,0,2,0,23,0,1,0,2,0,1,0,0,0,1,0,0,0,0,0,1,0,4,0,0,0,12,0,0,0,0,0,14,0,2,0,93,0
"2020M12",4,0,15,0,7,0,120,0,11,0,10,0,2,0,52,0,14,0,2,0,96,0,5,0,10,0,2,0,18,0,16,0,15,0,6,0,23,0,4,0,18,0,17,0,24,0,569,0,2,0,6,0,4,0,12,0,1,0,0,0,2,0,31,0,1,0,0,0,10,0,2,0,2,0,1,0,4,0,3,0,1,0,2,0,14,0,0,0,5,0,6,0,2,0,125,0
"2021M01",11,0,21,0,7,0,111,0,10,0,18,0,5,0,67,0,36,0,3,0,78,0,5,0,10,0,2,0,31,0,27,0,10,0,4,0,19,0,1,0,33,0,43,0,27,0,659,0,2,0,7,0,5,0,20,0,4,0,2,0,3,0,20,0,1,0,0,0,9,0,1,0,0,0,0,0,2,0,3,0,4,0,1,0,11,0,0,0,3,0,2,0,0,0,115,0
"2021M02",13,0,15,0,4,0,89,0,12,0,9,0,4,0,47,0,14,0,4,0,85,0,5,0,14,0,7,0,38,0,31,0,17,0,6,0,25,0,2,0,39,0,9,0,39,0,614,0,0,0,2,0,6,0,59,0,3,0,2,0,0,0,22,0,1,0,2,0,32,0,1,0,3,0,4,0,0,0,6,0,31,0,1,0,10,0,0,0,3,0,3,0,8,0,215,0
"2021M03",3,0,20,0,9,0,152,0,2,0,12,0,3,0,53,0,11,0,4,0,119,0,8,0,21,0,5,0,34,0,42,0,4,0,25,0,11,0,2,0,46,0,12,0,29,0,732,0,3,0,4,0,11,0,59,0,1,0,4,0,1,0,17,0,0,0,5,0,76,0,2,0,1,0,5,0,1,0,24,0,6,0,4,0,7,0,4,0,3,0,2,0,6,0,285,0
"2021M04",2,0,51,0,3,0,109,0,6,0,21,0,1,0,49,0,21,0,6,0,51,0,19,0,14,0,1,0,40,0,44,0,12,0,27,0,20,0,5,0,71,0,35,0,36,0,753,0,2,0,10,0,2,0,26,0,2,0,6,0,1,0,14,0,2,0,0,0,35,0,5,0,0,0,3,0,1,0,15,0,7,0,1,0,2,0,0,0,3,0,5,0,11,0,186,0
"2021M05",3,0,62,0,10,0,177,0,6,0,9,0,2,0,59,0,9,0,4,0,16,0,12,0,27,0,2,0,27,0,71,0,20,0,28,0,22,0,2,0,35,0,18,0,38,0,765,0,3,0,8,0,12,0,17,0,1,0,5,0,0,0,15,0,0,0,3,0,4,0,4,0,5,0,2,0,0,0,7,0,5,0,6,0,6,0,0,0,0,0,1,0,4,0,127,0
"2021M06",5,0,39,0,5,0,154,0,1,0,14,0,2,0,31,0,17,0,6,0,16,0,7,0,13,0,5,0,45,0,73,0,8,0,38,0,34,0,7,0,71,0,18,0,71,0,805,0,4,0,16,0,1,0,21,0,2,0,4,0,1,0,19,0,1,0,0,0,12,0,2,0,0,0,2,0,1,0,19,0,14,0,1,0,5,0,2,0,0,0,14,0,2,0,159,0
"2021M07",5,0,32,0,12,0,179,0,7,0,10,0,2,0,55,0,36,0,2,0,13,0,6,0,20,0,4,0,37,0,91,0,10,0,3,0,17,0,5,0,25,0,14,0,71,0,762,0,1,0,15,0,6,0,20,0,4,0,3,0,3,0,10,0,1,0,1,0,19,0,1,0,1,0,1,0,1,0,7,0,6,0,1,0,8,0,0,0,2,0,7,0,9,0,142,0
"2021M08",6,0,2,0,11,0,121,0,11,0,4,0,1,0,56,0,18,0,2,0,38,0,3,0,11,0,6,0,44,0,29,0,0,0,13,0,14,0,2,0,8,0,7,0,47,0,560,0,3,0,3,0,2,0,18,0,3,0,5,0,0,0,11,0,3,0,3,0,51,0,2,0,0,0,2,0,1,0,31,0,1,0,0,0,3,0,2,0,0,0,6,0,8,0,192,0
"2021M09",1,0,3,0,8,0,97,0,7,0,1,0,3,0,67,0,14,0,3,0,37,0,5,0,8,0,5,0,10,0,10,0,1,0,1,0,12,0,0,0,4,0,8,0,35,0,395,0,4,0,1,0,5,0,8,0,2,0,1,0,1,0,21,0,0,0,2,0,92,0,2,0,1,0,5,0,0,0,13,0,2,0,1,0,3,0,0,0,0,0,11,0,6,0,206,0
"2021M10",5,0,10,0,18,0,105,0,9,0,1,0,3,0,80,0,5,0,2,0,53,0,6,0,7,0,1,0,24,0,39,0,4,0,2,0,18,0,7,0,33,0,8,0,62,0,574,0,1,0,2,0,7,0,9,0,3,0,3,0,3,0,20,0,1,0,0,0,55,0,1,0,0,0,3,0,0,0,22,0,4,0,2,0,6,0,3,0,2,0,5,0,7,0,193,0
"2021M11",4,0,11,0,8,0,68,0,10,0,5,0,2,0,69,0,17,0,3,0,44,0,7,0,8,0,24,0,14,0,28,0,10,0,11,0,16,0,5,0,142,0,8,0,43,0,648,0,9,0,0,0,6,0,13,0,3,0,3,0,0,0,16,0,1,0,0,0,45,0,1,0,0,0,4,0,2,0,24,0,8,0,3,0,4,0,0,0,0,0,2,0,9,0,199,0
"2021M12",5,0,14,0,3,0,118,0,6,0,21,0,4,0,31,0,4,0,1,0,58,0,13,0,12,0,21,0,22,0,22,0,7,0,20,0,16,0,5,0,152,0,4,0,32,0,707,0,7,0,5,0,2,0,16,0,3,0,11,0,2,0,7,0,0,0,2,0,87,0,0,0,2,0,7,0,2,0,26,0,1,0,3,0,4,0,0,0,3,0,3,0,6,0,256,0
"2022M01",2,0,7,0,16,0,49,0,5,0,7,0,2,0,56,0,13,0,2,0,47,0,4,0,8,0,24,0,17,0,21,0,12,0,7,0,24,0,0,0,49,0,20,0,70,0,543,0,0,0,5,0,5,0,5,0,7,0,3,0,0,0,14,0,0,0,2,0,39,0,0,0,1,0,0,0,0,0,10,0,5,0,2,0,5,0,0,0,0,0,5,0,4,0,162,0
"2022M02",2,0,7,0,5,0,39,0,3,0,3,0,0,0,41,0,10,0,0,0,31,0,5,0,7,0,9,0,7,0,20,0,7,0,3,0,8,0,0,0,15,0,14,0,16,0,318,0,5,0,2,0,1,0,10,0,1,0,0,0,0,0,14,0,0,0,1,0,34,0,0,0,0,0,1,0,0,0,10,0,3,0,3,0,4,0,2,0,1,0,5,0,10,0,133,0
"2022M03",1,0,53,0,7,0,138,0,3,0,76,0,6,0,48,0,19,0,5,0,100,0,6,0,19,0,37,0,15,0,145,0,14,0,19,0,17,0,3,0,80,0,46,0,64,0,1097,0,4,0,10,0,4,0,15,0,7,0,10,0,0,0,8,0,1,0,0,0,48,0,2,0,2,0,8,0,5,0,16,0,6,0,0,0,11,0,5,0,4,0,7,0,5,0,245,0
"2022M04",6,0,49,0,7,0,107,0,9,0,69,0,1,0,32,0,16,0,2,0,282,0,19,0,37,0,29,0,60,0,184,0,14,0,5,0,18,0,7,0,81,0,45,0,104,0,1362,0,4,0,28,0,11,0,89,0,9,0,14,0,6,0,29,0,1,0,3,0,465,0,11,0,5,0,17,0,43,0,47,0,1,0,9,0,18,0,6,0,1,0,10,0,46,0,1070,0
"2022M05",9,0,34,0,7,0,161,0,2,0,39,0,1,0,22,0,6,0,1,0,196,0,9,0,24,0,62,0,30,0,220,0,9,0,11,0,19,0,5,0,59,0,44,0,99,0,1193,0,5,0,21,0,19,0,80,0,15,0,4,0,18,0,64,0,6,0,9,0,100,0,29,0,6,0,8,0,76,0,52,0,7,0,9,0,32,0,5,0,2,0,8,0,41,0,798,0
"2022M06",8,0,40,0,6,0,205,1,4,0,36,0,1,0,31,0,9,0,2,0,147,1,5,0,26,0,55,0,25,0,311,0,16,0,10,0,22,1,3,0,46,0,29,0,117,1,1289,2,8,0,22,0,22,0,70,0,14,0,7,0,16,0,69,0,2,0,12,0,73,0,39,0,22,0,13,0,78,0,33,0,7,0,6,0,46,0,8,0,1,0,19,0,31,0,838,1
"2022M07",6,0,37,1,6,0,218,2,2,0,49,1,4,0,29,1,16,0,1,0,110,1,12,0,12,1,37,0,46,1,270,0,18,1,18,0,18,1,13,0,37,0,33,0,143,1,1306,4,14,0,21,1,11,1,138,1,19,1,10,0,23,1,91,1,7,0,18,1,122,0,33,0,24,0,43,0,54,0,46,0,10,0,2,0,35,1,4,0,1,0,20,0,25,1,1014,4
"2022M08",2,0,37,1,5,0,254,3,4,1,52,1,4,0,66,1,19,1,4,0,130,1,9,1,15,1,34,0,23,1,426,1,9,1,15,1,7,1,3,0,83,1,32,1,158,2,1570,7,19,0,31,1,37,1,217,2,40,3,18,1,48,2,153,2,7,1,23,1,157,1,67,1,37,1,28,0,208,2,60,0,59,1,10,1,67,1,9,1,1,0,24,0,71,1,2009,11
"2022M09",9,1,31,2,11,1,196,3,15,1,41,2,8,1,33,1,13,1,3,0,147,2,6,1,15,1,55,1,24,1,504,2,4,0,9,1,27,1,9,0,56,1,26,1,234,3,1676,10,31,1,59,2,83,2,415,5,106,4,119,2,131,4,374,8,16,1,74,2,238,3,119,3,66,2,88,1,245,3,227,1,105,2,40,1,104,4,35,1,4,0,189,2,114,2,3942,34
"2022M10",5,0,25,2,9,1,168,6,13,1,52,2,6,1,49,3,10,1,2,0,72,2,8,1,10,1,36,1,14,2,429,6,4,1,10,1,6,1,5,1,20,2,25,1,191,5,1322,17,58,2,31,2,65,4,608,13,106,6,203,8,145,6,324,9,13,1,65,3,282,6,59,3,42,2,74,2,101,4,307,7,175,4,44,2,96,5,44,2,19,2,340,10,198,5,4021,58
"2022M11",14,1,34,3,8,1,144,6,7,1,37,2,3,1,48,3,11,2,3,1,164,4,7,1,18,2,40,2,22,2,728,11,16,1,10,1,34,3,5,1,67,3,41,2,322,7,1966,24,88,3,41,3,82,4,771,13,108,6,289,10,225,8,398,10,13,1,61,4,497,9,84,3,69,3,135,4,121,5,875,14,182,5,70,3,175,8,79,3,29,2,433,13,396,7,6425,66
"2022M12",6,1,31,3,14,2,222,8,8,1,80,3,3,1,56,3,6,1,4,1,156,4,13,2,23,2,45,2,17,2,502,10,12,2,18,1,42,3,0,0,98,3,52,2,172,6,1774,23,107,3,48,3,55,4,788,18,68,5,322,11,114,5,217,8,13,2,28,3,650,10,75,4,57,4,128,4,69,4,536,12,130,4,89,3,170,9,125,4,24,2,370,11,276,7,5424,66
"2023M01",2,1,32,3,7,1,168,9,7,2,77,5,4,1,38,3,7,2,1,1,79,3,8,2,7,2,17,1,39,3,372,14,12,2,4,1,29,3,3,1,58,3,46,3,341,10,1542,31,120,5,49,4,86,6,796,29,71,6,377,18,102,6,356,14,4,1,51,4,443,11,72,4,45,4,100,4,37,3,709,26,126,5,41,3,156,8,41,3,13,2,313,11,383,12,5198,98
"2023M02",7,1,35,3,6,1,149,9,5,1,70,4,2,1,38,4,9,1,1,0,195,6,7,2,25,3,58,3,35,4,726,19,16,2,12,2,21,2,10,1,39,3,45,3,381,11,2133,41,174,5,65,5,102,6,1008,26,94,7,406,19,209,9,296,12,13,2,51,4,713,15,93,5,69,5,169,6,131,7,1121,29,178,6,63,4,191,9,226,8,25,3,401,14,546,14,7715,127
"2023M03",17,2,50,4,3,1,316,13,6,1,86,5,2,1,24,3,8,2,4,1,343,8,10,2,17,3,112,4,28,3,1375,36,13,2,25,2,39,3,24,2,77,4,35,2,365,10,3297,57,185,6,82,6,48,5,1597,47,106,8,495,24,181,11,261,13,14,2,46,4,1299,28,145,8,108,7,229,7,324,15,1459,44,233,8,93,5,205,9,366,13,27,4,405,17,527,16,10419,220
"2023M04",10,1,46,4,2,1,247,11,3,1,103,5,3,1,42,3,7,2,2,0,332,7,18,2,20,2,48,2,37,3,765,20,24,2,24,2,35,3,10,1,129,5,55,3,365,11,2652,45,203,6,93,8,40,5,1168,40,80,10,488,30,88,10,244,14,20,2,40,4,1559,35,178,11,63,5,223,7,101,7,928,30,183,6,66,4,163,12,338,12,13,2,357,16,509,21,8653,227
"2023M05",10,2,46,7,9,2,210,12,3,1,83,7,3,1,32,4,8,2,1,1,355,13,9,2,13,3,72,4,26,3,840,32,19,3,25,3,32,4,14,2,77,6,31,3,377,15,2524,65,164,8,74,6,64,6,988,39,46,5,388,25,87,8,210,13,12,2,29,4,1334,60,128,9,62,6,149,9,80,7,798,33,141,8,69,5,123,8,363,17,16,3,324,15,525,18,7382,187
"2023M06",11,2,52,13,9,2,274,15,7,2,104,9,4,1,31,4,7,2,2,1,259,9,11,2,9,2,43,3,27,4,925,38,24,3,21,2,46,5,23,3,71,6,26,3,534,18,2781,74,128,7,70,6,60,6,755,32,58,6,339,24,83,8,236,14,21,3,30,4,1375,53,99,8,56,6,146,8,83,7,685,30,119,7,61,5,143,10,292,15,12,2,259,14,644,21,6898,162
"2023M07",14,2,56,11,7,2,248,16,9,2,88,8,2,1,27,4,10,2,3,1,138,8,8,2,11,2,37,3,20,3,712,36,14,3,10,2,53,5,10,2,35,4,30,3,596,23,2327,75,112,7,58,5,40,5,478,24,64,8,270,18,44,5,200,13,12,2,39,5,1196,53,73,7,42,5,129,8,39,5,521,24,89,6,41,4,127,11,188,11,7,2,226,11,627,22,5312,133
"2023M08",8,2,57,16,11,2,312,20,6,2,104,10,3,1,46,6,7,2,1,1,184,10,12,3,11,3,46,4,24,4,926,51,32,4,15,3,54,7,8,2,121,11,37,4,667,27,2932,112,113,7,74,7,45,5,775,44,102,13,236,20,69,8,215,16,12,2,31,5,1518,82,74,7,43,6,139,10,88,9,677,36,99,8,51,5,163,12,282,17,27,4,241,14,763,34,6769,237
"Table information:"
"Units:"
"Number, Magnitude = Units"
""
"Footnotes:"
"The standard error indicates the uncertainty of the provisional migration estimate. For example, the 95 percent confidence interval is +/-1.96 standard errors."
"These intervals reflect the model uncertainty, not the extent of future revisions to provisional data. Standard errors are non-additive."
"Owing to rounding, individual figures may not sum to stated totals."
"Visa type is available from July 2003"
" "
"Symbols:"
".. figure not available"
"C: Confidential"
"E: Early Estimate"
"P: Provisional"
"R: Revised"
"S: Suppressed"
""
"Status flags are not displayed"
""
"Table reference: "
"ITM479AA"
""
"Last updated:"
"11 October 2023 10:45am"
""
"Source: Statistics New Zealand"
"Contact: Information Centre"
"Telephone: 0508 525 525"
"Email:info@stats.govt.nz"
""
""
""
